courseid,title,startdate,grade,instructorid,instructorfirst,instructorlast,instructortitle,studentid,admissionyear,active
326,Economics and Finance for Engineers,2015-01-05,2.6,3,Benjamin,Allen,Assistant Professor,0,2011,1
201,Introduction to Statistics,2015-01-05,3.6,1,Bruce,Banner,Associate Professor,0,2011,1
340,Field Project Methods,2015-01-05,2.3,17,Charles,Johnson,Professor,0,2011,1
305,Statistical Methods for Quality Improvement,2016-01-06,1.4,2,Daniel,Ahmadpour,Associate Professor,0,2011,1
391,Industrial Engineering Design,2016-03-09,2.9,8,Diego,Fernandez,Associate Professor,0,2011,1
317,Discrete-Event Systems Simulation,2014-09-15,3.5,15,Jeremy,Sessions,Associate Professor,0,2011,1
393,Industrial Engineering Design Project,2016-03-09,2.9,19,Mark,Warren,Clinical Associate Professor,0,2011,1
341,Social Networks Analysis,2015-03-12,1.6,4,Hassan,Caliban,Professor,0,2011,1
382,Production Planning and Scheduling,2014-03-12,2.8,7,Ali,Iravani,Professor,0,2011,1
383,Service Operations Management,2014-03-12,1,7,Ali,Iravani,Professor,0,2011,1
342,Organizational Behavior,2015-03-12,2,20,William,Wallace,Professor,0,2011,1
326,Economics and Finance for Engineers,2015-01-05,3.2,3,Benjamin,Allen,Assistant Professor,1,2011,0
392,Systems Project Management,2016-03-09,1.9,17,Charles,Johnson,Professor,1,2011,0
202,Probability,2015-03-15,1.5,6,Gordon,Howie,Professor,1,2011,0
317,Discrete-Event Systems Simulation,2014-09-15,3.7,15,Jeremy,Sessions,Associate Professor,1,2011,0
393,Industrial Engineering Design Project,2016-03-09,3,19,Mark,Warren,Clinical Associate Professor,1,2011,0
325,Engineering Entrepreneurship,2014-09-15,3.3,11,Mike,Marion,Clinical Professor,1,2011,0
341,Social Networks Analysis,2015-03-12,2.8,4,Hassan,Caliban,Professor,1,2011,0
326,Economics and Finance for Engineers,2015-01-05,3,3,Benjamin,Allen,Assistant Professor,2,2009,1
392,Systems Project Management,2016-03-09,3,17,Charles,Johnson,Professor,2,2009,1
391,Industrial Engineering Design,2016-03-09,1.5,8,Diego,Fernandez,Associate Professor,2,2009,1
393,Industrial Engineering Design Project,2016-03-09,2.9,19,Mark,Warren,Clinical Associate Professor,2,2009,1
383,Service Operations Management,2014-03-12,2.8,7,Ali,Iravani,Professor,2,2009,1
210,"Methods, Standards and Work Design",,3.8,0,TBD,TBD,TBD,2,2009,1
307,Quality Improvement by Experimental Design,2014-01-10,4,0,TBD,TBD,TBD,2,2009,1
340,Field Project Methods,2015-01-05,1.9,17,Charles,Johnson,Professor,3,2009,1
390,Systems Management,2015-01-07,2.6,17,Charles,Johnson,Professor,3,2009,1
305,Statistical Methods for Quality Improvement,2016-01-06,3.4,2,Daniel,Ahmadpour,Associate Professor,3,2009,1
310,Operations Research,2015-03-16,3.9,21,Jane,Wilson,Clinical Associate Professor,3,2009,1
381,Supply-Chain Modeling and Analysis,2014-01-07,2.8,14,Karen,Stenowitz,Associate Professor,3,2009,1
325,Engineering Entrepreneurship,2014-09-15,1.7,11,Mike,Marion,Clinical Professor,3,2009,1
315,Stochastic Models and Simulation,2015-09-20,2.7,13,Ohad,Peterson,Assistant Professor,3,2009,1
385,Introduction to Health Systems Engineering,2015-01-07,3.9,12,Neil,Mehrotra,Professor,3,2009,1
210,"Methods, Standards and Work Design",,3.4,0,TBD,TBD,TBD,3,2009,1
304,Statistical Methods for Data Mining,2015-09-20,3.3,16,Adam,Terry,Senior Associate Dean,4,2010,1
326,Economics and Finance for Engineers,2015-01-05,2.9,3,Benjamin,Allen,Assistant Professor,4,2010,1
392,Systems Project Management,2016-03-09,3.7,17,Charles,Johnson,Professor,4,2010,1
306,Decision Analysis,2014-01-10,3,6,Gordon,Howie,Professor,4,2010,1
310,Operations Research,2015-03-16,3.5,21,Jane,Wilson,Clinical Associate Professor,4,2010,1
381,Supply-Chain Modeling and Analysis,2014-01-07,2.5,14,Karen,Stenowitz,Associate Professor,4,2010,1
210,"Methods, Standards and Work Design",,3.3,0,TBD,TBD,TBD,4,2010,1
225,Principles of Entrepreneurship,2016-01-06,3.6,0,TBD,TBD,TBD,4,2010,1
307,Quality Improvement by Experimental Design,2014-01-10,3.8,0,TBD,TBD,TBD,4,2010,1
373,Introduction to Financial Engineering,2014-01-07,2.5,10,Vadim,Lubskey,Professor,4,2010,1
342,Organizational Behavior,2015-03-12,2.5,20,William,Wallace,Professor,4,2010,1
304,Statistical Methods for Data Mining,2015-09-20,2.3,16,Adam,Terry,Senior Associate Dean,5,2010,1
313,Deterministic Methods and Optimization,2015-03-16,2.9,18,Amy,Watson,Associate Professor,5,2010,1
340,Field Project Methods,2015-01-05,1.2,17,Charles,Johnson,Professor,5,2010,1
392,Systems Project Management,2016-03-09,3.8,17,Charles,Johnson,Professor,5,2010,1
305,Statistical Methods for Quality Improvement,2016-01-06,1.4,2,Daniel,Ahmadpour,Associate Professor,5,2010,1
202,Probability,2015-03-15,1,6,Gordon,Howie,Professor,5,2010,1
381,Supply-Chain Modeling and Analysis,2014-01-07,3.9,14,Karen,Stenowitz,Associate Professor,5,2010,1
373,Introduction to Financial Engineering,2014-01-07,2.3,10,Vadim,Lubskey,Professor,5,2010,1
342,Organizational Behavior,2015-03-12,3.4,20,William,Wallace,Professor,5,2010,1
304,Statistical Methods for Data Mining,2015-09-20,1.6,16,Adam,Terry,Senior Associate Dean,6,2011,1
313,Deterministic Methods and Optimization,2015-03-16,3.5,18,Amy,Watson,Associate Professor,6,2011,1
390,Systems Management,2015-01-07,3.2,17,Charles,Johnson,Professor,6,2011,1
310,Operations Research,2015-03-16,3,21,Jane,Wilson,Clinical Associate Professor,6,2011,1
393,Industrial Engineering Design Project,2016-03-09,2.8,19,Mark,Warren,Clinical Associate Professor,6,2011,1
382,Production Planning and Scheduling,2014-03-12,3.6,7,Ali,Iravani,Professor,6,2011,1
210,"Methods, Standards and Work Design",,3.6,0,TBD,TBD,TBD,6,2011,1
373,Introduction to Financial Engineering,2014-01-07,2,10,Vadim,Lubskey,Professor,6,2011,1
304,Statistical Methods for Data Mining,2015-09-20,3,16,Adam,Terry,Senior Associate Dean,7,2011,1
313,Deterministic Methods and Optimization,2015-03-16,2.5,18,Amy,Watson,Associate Professor,7,2011,1
305,Statistical Methods for Quality Improvement,2016-01-06,3.4,2,Daniel,Ahmadpour,Associate Professor,7,2011,1
391,Industrial Engineering Design,2016-03-09,3.6,8,Diego,Fernandez,Associate Professor,7,2011,1
310,Operations Research,2015-03-16,1.9,21,Jane,Wilson,Clinical Associate Professor,7,2011,1
341,Social Networks Analysis,2015-03-12,1.8,4,Hassan,Caliban,Professor,7,2011,1
373,Introduction to Financial Engineering,2014-01-07,3.4,10,Vadim,Lubskey,Professor,7,2011,1
342,Organizational Behavior,2015-03-12,1.4,20,William,Wallace,Professor,7,2011,1
313,Deterministic Methods and Optimization,2015-03-16,1.5,18,Amy,Watson,Associate Professor,8,2011,1
326,Economics and Finance for Engineers,2015-01-05,3.1,3,Benjamin,Allen,Assistant Professor,8,2011,1
201,Introduction to Statistics,2015-01-05,1,1,Bruce,Banner,Associate Professor,8,2011,1
340,Field Project Methods,2015-01-05,2.8,17,Charles,Johnson,Professor,8,2011,1
392,Systems Project Management,2016-03-09,3.5,17,Charles,Johnson,Professor,8,2011,1
202,Probability,2015-03-15,1.6,6,Gordon,Howie,Professor,8,2011,1
310,Operations Research,2015-03-16,2.1,21,Jane,Wilson,Clinical Associate Professor,8,2011,1
325,Engineering Entrepreneurship,2014-09-15,1.5,11,Mike,Marion,Clinical Professor,8,2011,1
382,Production Planning and Scheduling,2014-03-12,1.1,7,Ali,Iravani,Professor,8,2011,1
383,Service Operations Management,2014-03-12,3,7,Ali,Iravani,Professor,8,2011,1
225,Principles of Entrepreneurship,2016-01-06,3.8,0,TBD,TBD,TBD,8,2011,1
373,Introduction to Financial Engineering,2014-01-07,1.7,10,Vadim,Lubskey,Professor,8,2011,1
201,Introduction to Statistics,2015-01-05,4,1,Bruce,Banner,Associate Professor,9,2007,1
303,Statistics,2015-09-20,1.3,1,Bruce,Banner,Associate Professor,9,2007,1
305,Statistical Methods for Quality Improvement,2016-01-06,2.5,2,Daniel,Ahmadpour,Associate Professor,9,2007,1
391,Industrial Engineering Design,2016-03-09,2.4,8,Diego,Fernandez,Associate Professor,9,2007,1
202,Probability,2015-03-15,1.4,6,Gordon,Howie,Professor,9,2007,1
341,Social Networks Analysis,2015-03-12,3.5,4,Hassan,Caliban,Professor,9,2007,1
210,"Methods, Standards and Work Design",,3.7,0,TBD,TBD,TBD,9,2007,1
326,Economics and Finance for Engineers,2015-01-05,3.2,3,Benjamin,Allen,Assistant Professor,10,2009,1
303,Statistics,2015-09-20,3.5,1,Bruce,Banner,Associate Professor,10,2009,1
340,Field Project Methods,2015-01-05,1.6,17,Charles,Johnson,Professor,10,2009,1
390,Systems Management,2015-01-07,1.1,17,Charles,Johnson,Professor,10,2009,1
392,Systems Project Management,2016-03-09,1.5,17,Charles,Johnson,Professor,10,2009,1
306,Decision Analysis,2014-01-10,2.6,6,Gordon,Howie,Professor,10,2009,1
317,Discrete-Event Systems Simulation,2014-09-15,1.1,15,Jeremy,Sessions,Associate Professor,10,2009,1
310,Operations Research,2015-03-16,1.7,21,Jane,Wilson,Clinical Associate Professor,10,2009,1
393,Industrial Engineering Design Project,2016-03-09,1.9,19,Mark,Warren,Clinical Associate Professor,10,2009,1
385,Introduction to Health Systems Engineering,2015-01-07,1.3,12,Neil,Mehrotra,Professor,10,2009,1
382,Production Planning and Scheduling,2014-03-12,3.6,7,Ali,Iravani,Professor,10,2009,1
383,Service Operations Management,2014-03-12,2.2,7,Ali,Iravani,Professor,10,2009,1
326,Economics and Finance for Engineers,2015-01-05,1,3,Benjamin,Allen,Assistant Professor,11,2007,1
201,Introduction to Statistics,2015-01-05,1.3,1,Bruce,Banner,Associate Professor,11,2007,1
303,Statistics,2015-09-20,3.1,1,Bruce,Banner,Associate Professor,11,2007,1
305,Statistical Methods for Quality Improvement,2016-01-06,2.6,2,Daniel,Ahmadpour,Associate Professor,11,2007,1
306,Decision Analysis,2014-01-10,2,6,Gordon,Howie,Professor,11,2007,1
310,Operations Research,2015-03-16,1.7,21,Jane,Wilson,Clinical Associate Professor,11,2007,1
385,Introduction to Health Systems Engineering,2015-01-07,1,12,Neil,Mehrotra,Professor,11,2007,1
383,Service Operations Management,2014-03-12,1.1,7,Ali,Iravani,Professor,11,2007,1
210,"Methods, Standards and Work Design",,3.9,0,TBD,TBD,TBD,11,2007,1
313,Deterministic Methods and Optimization,2015-03-16,2.4,18,Amy,Watson,Associate Professor,12,2011,1
390,Systems Management,2015-01-07,3.5,17,Charles,Johnson,Professor,12,2011,1
341,Social Networks Analysis,2015-03-12,3.8,4,Hassan,Caliban,Professor,12,2011,1
225,Principles of Entrepreneurship,2016-01-06,4,0,TBD,TBD,TBD,12,2011,1
342,Organizational Behavior,2015-03-12,2.9,20,William,Wallace,Professor,12,2011,1
304,Statistical Methods for Data Mining,2015-09-20,1.3,16,Adam,Terry,Senior Associate Dean,13,2010,1
392,Systems Project Management,2016-03-09,3.3,17,Charles,Johnson,Professor,13,2010,1
305,Statistical Methods for Quality Improvement,2016-01-06,1.8,2,Daniel,Ahmadpour,Associate Professor,13,2010,1
391,Industrial Engineering Design,2016-03-09,1.2,8,Diego,Fernandez,Associate Professor,13,2010,1
306,Decision Analysis,2014-01-10,1.9,6,Gordon,Howie,Professor,13,2010,1
381,Supply-Chain Modeling and Analysis,2014-01-07,2.6,14,Karen,Stenowitz,Associate Professor,13,2010,1
325,Engineering Entrepreneurship,2014-09-15,2.2,11,Mike,Marion,Clinical Professor,13,2010,1
341,Social Networks Analysis,2015-03-12,1,4,Hassan,Caliban,Professor,13,2010,1
315,Stochastic Models and Simulation,2015-09-20,3.8,13,Ohad,Peterson,Assistant Professor,13,2010,1
326,Economics and Finance for Engineers,2015-01-05,3.4,3,Benjamin,Allen,Assistant Professor,14,2008,1
201,Introduction to Statistics,2015-01-05,3,1,Bruce,Banner,Associate Professor,14,2008,1
303,Statistics,2015-09-20,2.9,1,Bruce,Banner,Associate Professor,14,2008,1
305,Statistical Methods for Quality Improvement,2016-01-06,3.8,2,Daniel,Ahmadpour,Associate Professor,14,2008,1
383,Service Operations Management,2014-03-12,3.9,7,Ali,Iravani,Professor,14,2008,1
313,Deterministic Methods and Optimization,2015-03-16,1.5,18,Amy,Watson,Associate Professor,15,2009,1
326,Economics and Finance for Engineers,2015-01-05,3.9,3,Benjamin,Allen,Assistant Professor,15,2009,1
201,Introduction to Statistics,2015-01-05,1.1,1,Bruce,Banner,Associate Professor,15,2009,1
303,Statistics,2015-09-20,1.2,1,Bruce,Banner,Associate Professor,15,2009,1
390,Systems Management,2015-01-07,2.6,17,Charles,Johnson,Professor,15,2009,1
305,Statistical Methods for Quality Improvement,2016-01-06,3,2,Daniel,Ahmadpour,Associate Professor,15,2009,1
202,Probability,2015-03-15,3.8,6,Gordon,Howie,Professor,15,2009,1
317,Discrete-Event Systems Simulation,2014-09-15,3.4,15,Jeremy,Sessions,Associate Professor,15,2009,1
310,Operations Research,2015-03-16,2.8,21,Jane,Wilson,Clinical Associate Professor,15,2009,1
325,Engineering Entrepreneurship,2014-09-15,3.7,11,Mike,Marion,Clinical Professor,15,2009,1
382,Production Planning and Scheduling,2014-03-12,1.8,7,Ali,Iravani,Professor,15,2009,1
210,"Methods, Standards and Work Design",,3.3,0,TBD,TBD,TBD,15,2009,1
313,Deterministic Methods and Optimization,2015-03-16,1.2,18,Amy,Watson,Associate Professor,16,2011,1
390,Systems Management,2015-01-07,2.2,17,Charles,Johnson,Professor,16,2011,1
202,Probability,2015-03-15,1,6,Gordon,Howie,Professor,16,2011,1
317,Discrete-Event Systems Simulation,2014-09-15,1.1,15,Jeremy,Sessions,Associate Professor,16,2011,1
310,Operations Research,2015-03-16,2.1,21,Jane,Wilson,Clinical Associate Professor,16,2011,1
393,Industrial Engineering Design Project,2016-03-09,1.1,19,Mark,Warren,Clinical Associate Professor,16,2011,1
325,Engineering Entrepreneurship,2014-09-15,2.4,11,Mike,Marion,Clinical Professor,16,2011,1
341,Social Networks Analysis,2015-03-12,2.8,4,Hassan,Caliban,Professor,16,2011,1
315,Stochastic Models and Simulation,2015-09-20,3.7,13,Ohad,Peterson,Assistant Professor,16,2011,1
383,Service Operations Management,2014-03-12,2.2,7,Ali,Iravani,Professor,16,2011,1
225,Principles of Entrepreneurship,2016-01-06,2,0,TBD,TBD,TBD,16,2011,1
373,Introduction to Financial Engineering,2014-01-07,3.8,10,Vadim,Lubskey,Professor,16,2011,1
326,Economics and Finance for Engineers,2015-01-05,2,3,Benjamin,Allen,Assistant Professor,17,2011,1
390,Systems Management,2015-01-07,1.7,17,Charles,Johnson,Professor,17,2011,1
305,Statistical Methods for Quality Improvement,2016-01-06,2.8,2,Daniel,Ahmadpour,Associate Professor,17,2011,1
310,Operations Research,2015-03-16,1.4,21,Jane,Wilson,Clinical Associate Professor,17,2011,1
325,Engineering Entrepreneurship,2014-09-15,2.4,11,Mike,Marion,Clinical Professor,17,2011,1
341,Social Networks Analysis,2015-03-12,1.4,4,Hassan,Caliban,Professor,17,2011,1
315,Stochastic Models and Simulation,2015-09-20,2.7,13,Ohad,Peterson,Assistant Professor,17,2011,1
383,Service Operations Management,2014-03-12,3.5,7,Ali,Iravani,Professor,17,2011,1
373,Introduction to Financial Engineering,2014-01-07,3.8,10,Vadim,Lubskey,Professor,17,2011,1
326,Economics and Finance for Engineers,2015-01-05,1.3,3,Benjamin,Allen,Assistant Professor,18,2011,1
340,Field Project Methods,2015-01-05,1.8,17,Charles,Johnson,Professor,18,2011,1
390,Systems Management,2015-01-07,1.3,17,Charles,Johnson,Professor,18,2011,1
305,Statistical Methods for Quality Improvement,2016-01-06,3.9,2,Daniel,Ahmadpour,Associate Professor,18,2011,1
381,Supply-Chain Modeling and Analysis,2014-01-07,1.2,14,Karen,Stenowitz,Associate Professor,18,2011,1
341,Social Networks Analysis,2015-03-12,1.6,4,Hassan,Caliban,Professor,18,2011,1
385,Introduction to Health Systems Engineering,2015-01-07,1.7,12,Neil,Mehrotra,Professor,18,2011,1
225,Principles of Entrepreneurship,2016-01-06,1.8,0,TBD,TBD,TBD,18,2011,1
342,Organizational Behavior,2015-03-12,3.6,20,William,Wallace,Professor,18,2011,1
304,Statistical Methods for Data Mining,2015-09-20,2.2,16,Adam,Terry,Senior Associate Dean,19,2010,0
201,Introduction to Statistics,2015-01-05,2.5,1,Bruce,Banner,Associate Professor,19,2010,0
392,Systems Project Management,2016-03-09,3.9,17,Charles,Johnson,Professor,19,2010,0
202,Probability,2015-03-15,1.8,6,Gordon,Howie,Professor,19,2010,0
381,Supply-Chain Modeling and Analysis,2014-01-07,2.2,14,Karen,Stenowitz,Associate Professor,19,2010,0
341,Social Networks Analysis,2015-03-12,3.7,4,Hassan,Caliban,Professor,19,2010,0
315,Stochastic Models and Simulation,2015-09-20,1.5,13,Ohad,Peterson,Assistant Professor,19,2010,0
382,Production Planning and Scheduling,2014-03-12,2.1,7,Ali,Iravani,Professor,19,2010,0
307,Quality Improvement by Experimental Design,2014-01-10,2.8,0,TBD,TBD,TBD,19,2010,0
313,Deterministic Methods and Optimization,2015-03-16,3,18,Amy,Watson,Associate Professor,20,2010,1
340,Field Project Methods,2015-01-05,3.5,17,Charles,Johnson,Professor,20,2010,1
202,Probability,2015-03-15,3.7,6,Gordon,Howie,Professor,20,2010,1
317,Discrete-Event Systems Simulation,2014-09-15,3.1,15,Jeremy,Sessions,Associate Professor,20,2010,1
310,Operations Research,2015-03-16,1.9,21,Jane,Wilson,Clinical Associate Professor,20,2010,1
225,Principles of Entrepreneurship,2016-01-06,1.7,0,TBD,TBD,TBD,20,2010,1
304,Statistical Methods for Data Mining,2015-09-20,2.4,16,Adam,Terry,Senior Associate Dean,21,2008,1
303,Statistics,2015-09-20,1.1,1,Bruce,Banner,Associate Professor,21,2008,1
305,Statistical Methods for Quality Improvement,2016-01-06,3.3,2,Daniel,Ahmadpour,Associate Professor,21,2008,1
202,Probability,2015-03-15,1.8,6,Gordon,Howie,Professor,21,2008,1
341,Social Networks Analysis,2015-03-12,3.1,4,Hassan,Caliban,Professor,21,2008,1
385,Introduction to Health Systems Engineering,2015-01-07,3.3,12,Neil,Mehrotra,Professor,21,2008,1
382,Production Planning and Scheduling,2014-03-12,1.7,7,Ali,Iravani,Professor,21,2008,1
383,Service Operations Management,2014-03-12,4,7,Ali,Iravani,Professor,21,2008,1
373,Introduction to Financial Engineering,2014-01-07,2.6,10,Vadim,Lubskey,Professor,21,2008,1
201,Introduction to Statistics,2015-01-05,3.7,1,Bruce,Banner,Associate Professor,22,2011,1
390,Systems Management,2015-01-07,2,17,Charles,Johnson,Professor,22,2011,1
392,Systems Project Management,2016-03-09,2.5,17,Charles,Johnson,Professor,22,2011,1
393,Industrial Engineering Design Project,2016-03-09,3.5,19,Mark,Warren,Clinical Associate Professor,22,2011,1
341,Social Networks Analysis,2015-03-12,1,4,Hassan,Caliban,Professor,22,2011,1
373,Introduction to Financial Engineering,2014-01-07,3.9,10,Vadim,Lubskey,Professor,22,2011,1
304,Statistical Methods for Data Mining,2015-09-20,2.5,16,Adam,Terry,Senior Associate Dean,23,2009,1
340,Field Project Methods,2015-01-05,3.6,17,Charles,Johnson,Professor,23,2009,1
310,Operations Research,2015-03-16,3.7,21,Jane,Wilson,Clinical Associate Professor,23,2009,1
381,Supply-Chain Modeling and Analysis,2014-01-07,1.4,14,Karen,Stenowitz,Associate Professor,23,2009,1
341,Social Networks Analysis,2015-03-12,3,4,Hassan,Caliban,Professor,23,2009,1
383,Service Operations Management,2014-03-12,2.4,7,Ali,Iravani,Professor,23,2009,1
306,Decision Analysis,2014-01-10,1.1,6,Gordon,Howie,Professor,24,2010,1
310,Operations Research,2015-03-16,2.9,21,Jane,Wilson,Clinical Associate Professor,24,2010,1
382,Production Planning and Scheduling,2014-03-12,2,7,Ali,Iravani,Professor,24,2010,1
210,"Methods, Standards and Work Design",,1.4,0,TBD,TBD,TBD,24,2010,1
225,Principles of Entrepreneurship,2016-01-06,2.5,0,TBD,TBD,TBD,24,2010,1
307,Quality Improvement by Experimental Design,2014-01-10,2,0,TBD,TBD,TBD,24,2010,1
326,Economics and Finance for Engineers,2015-01-05,1.1,3,Benjamin,Allen,Assistant Professor,25,2008,1
201,Introduction to Statistics,2015-01-05,1.1,1,Bruce,Banner,Associate Professor,25,2008,1
390,Systems Management,2015-01-07,3.4,17,Charles,Johnson,Professor,25,2008,1
202,Probability,2015-03-15,2.4,6,Gordon,Howie,Professor,25,2008,1
310,Operations Research,2015-03-16,2.4,21,Jane,Wilson,Clinical Associate Professor,25,2008,1
381,Supply-Chain Modeling and Analysis,2014-01-07,1.9,14,Karen,Stenowitz,Associate Professor,25,2008,1
313,Deterministic Methods and Optimization,2015-03-16,1.8,18,Amy,Watson,Associate Professor,26,2011,0
326,Economics and Finance for Engineers,2015-01-05,2.3,3,Benjamin,Allen,Assistant Professor,26,2011,0
201,Introduction to Statistics,2015-01-05,1.7,1,Bruce,Banner,Associate Professor,26,2011,0
340,Field Project Methods,2015-01-05,3.7,17,Charles,Johnson,Professor,26,2011,0
202,Probability,2015-03-15,2,6,Gordon,Howie,Professor,26,2011,0
310,Operations Research,2015-03-16,3.8,21,Jane,Wilson,Clinical Associate Professor,26,2011,0
381,Supply-Chain Modeling and Analysis,2014-01-07,1.9,14,Karen,Stenowitz,Associate Professor,26,2011,0
325,Engineering Entrepreneurship,2014-09-15,3,11,Mike,Marion,Clinical Professor,26,2011,0
385,Introduction to Health Systems Engineering,2015-01-07,3,12,Neil,Mehrotra,Professor,26,2011,0
210,"Methods, Standards and Work Design",,3.6,0,TBD,TBD,TBD,26,2011,0
225,Principles of Entrepreneurship,2016-01-06,2.3,0,TBD,TBD,TBD,26,2011,0
307,Quality Improvement by Experimental Design,2014-01-10,3.9,0,TBD,TBD,TBD,26,2011,0
373,Introduction to Financial Engineering,2014-01-07,3,10,Vadim,Lubskey,Professor,26,2011,0
342,Organizational Behavior,2015-03-12,2.7,20,William,Wallace,Professor,26,2011,0
313,Deterministic Methods and Optimization,2015-03-16,1.3,18,Amy,Watson,Associate Professor,27,2010,1
326,Economics and Finance for Engineers,2015-01-05,2.3,3,Benjamin,Allen,Assistant Professor,27,2010,1
201,Introduction to Statistics,2015-01-05,2.4,1,Bruce,Banner,Associate Professor,27,2010,1
303,Statistics,2015-09-20,2.9,1,Bruce,Banner,Associate Professor,27,2010,1
305,Statistical Methods for Quality Improvement,2016-01-06,2.6,2,Daniel,Ahmadpour,Associate Professor,27,2010,1
202,Probability,2015-03-15,3.9,6,Gordon,Howie,Professor,27,2010,1
310,Operations Research,2015-03-16,3.4,21,Jane,Wilson,Clinical Associate Professor,27,2010,1
325,Engineering Entrepreneurship,2014-09-15,1.2,11,Mike,Marion,Clinical Professor,27,2010,1
342,Organizational Behavior,2015-03-12,1.8,20,William,Wallace,Professor,27,2010,1
201,Introduction to Statistics,2015-01-05,1.1,1,Bruce,Banner,Associate Professor,28,2007,1
202,Probability,2015-03-15,3.5,6,Gordon,Howie,Professor,28,2007,1
306,Decision Analysis,2014-01-10,3.9,6,Gordon,Howie,Professor,28,2007,1
325,Engineering Entrepreneurship,2014-09-15,2.5,11,Mike,Marion,Clinical Professor,28,2007,1
385,Introduction to Health Systems Engineering,2015-01-07,1.9,12,Neil,Mehrotra,Professor,28,2007,1
383,Service Operations Management,2014-03-12,3.4,7,Ali,Iravani,Professor,28,2007,1
225,Principles of Entrepreneurship,2016-01-06,2.8,0,TBD,TBD,TBD,28,2007,1
307,Quality Improvement by Experimental Design,2014-01-10,1.9,0,TBD,TBD,TBD,28,2007,1
313,Deterministic Methods and Optimization,2015-03-16,4,18,Amy,Watson,Associate Professor,29,2008,1
303,Statistics,2015-09-20,2.2,1,Bruce,Banner,Associate Professor,29,2008,1
202,Probability,2015-03-15,2,6,Gordon,Howie,Professor,29,2008,1
306,Decision Analysis,2014-01-10,3.1,6,Gordon,Howie,Professor,29,2008,1
325,Engineering Entrepreneurship,2014-09-15,2.9,11,Mike,Marion,Clinical Professor,29,2008,1
382,Production Planning and Scheduling,2014-03-12,3.7,7,Ali,Iravani,Professor,29,2008,1
383,Service Operations Management,2014-03-12,1.3,7,Ali,Iravani,Professor,29,2008,1
373,Introduction to Financial Engineering,2014-01-07,3.6,10,Vadim,Lubskey,Professor,29,2008,1
342,Organizational Behavior,2015-03-12,3.9,20,William,Wallace,Professor,29,2008,1
304,Statistical Methods for Data Mining,2015-09-20,1.6,16,Adam,Terry,Senior Associate Dean,30,2010,1
201,Introduction to Statistics,2015-01-05,2.2,1,Bruce,Banner,Associate Professor,30,2010,1
303,Statistics,2015-09-20,2.8,1,Bruce,Banner,Associate Professor,30,2010,1
391,Industrial Engineering Design,2016-03-09,2.5,8,Diego,Fernandez,Associate Professor,30,2010,1
306,Decision Analysis,2014-01-10,3.9,6,Gordon,Howie,Professor,30,2010,1
310,Operations Research,2015-03-16,1.3,21,Jane,Wilson,Clinical Associate Professor,30,2010,1
315,Stochastic Models and Simulation,2015-09-20,3,13,Ohad,Peterson,Assistant Professor,30,2010,1
385,Introduction to Health Systems Engineering,2015-01-07,1.9,12,Neil,Mehrotra,Professor,30,2010,1
210,"Methods, Standards and Work Design",,2.4,0,TBD,TBD,TBD,30,2010,1
201,Introduction to Statistics,2015-01-05,3.7,1,Bruce,Banner,Associate Professor,31,2007,1
340,Field Project Methods,2015-01-05,1.1,17,Charles,Johnson,Professor,31,2007,1
390,Systems Management,2015-01-07,2.1,17,Charles,Johnson,Professor,31,2007,1
306,Decision Analysis,2014-01-10,1.6,6,Gordon,Howie,Professor,31,2007,1
310,Operations Research,2015-03-16,1.1,21,Jane,Wilson,Clinical Associate Professor,31,2007,1
393,Industrial Engineering Design Project,2016-03-09,3.8,19,Mark,Warren,Clinical Associate Professor,31,2007,1
325,Engineering Entrepreneurship,2014-09-15,1.2,11,Mike,Marion,Clinical Professor,31,2007,1
210,"Methods, Standards and Work Design",,1.5,0,TBD,TBD,TBD,31,2007,1
342,Organizational Behavior,2015-03-12,3.8,20,William,Wallace,Professor,31,2007,1
326,Economics and Finance for Engineers,2015-01-05,2.6,3,Benjamin,Allen,Assistant Professor,32,2011,1
391,Industrial Engineering Design,2016-03-09,2.9,8,Diego,Fernandez,Associate Professor,32,2011,1
393,Industrial Engineering Design Project,2016-03-09,1.6,19,Mark,Warren,Clinical Associate Professor,32,2011,1
325,Engineering Entrepreneurship,2014-09-15,2.1,11,Mike,Marion,Clinical Professor,32,2011,1
315,Stochastic Models and Simulation,2015-09-20,3.8,13,Ohad,Peterson,Assistant Professor,32,2011,1
385,Introduction to Health Systems Engineering,2015-01-07,3.7,12,Neil,Mehrotra,Professor,32,2011,1
210,"Methods, Standards and Work Design",,2.3,0,TBD,TBD,TBD,32,2011,1
307,Quality Improvement by Experimental Design,2014-01-10,2.9,0,TBD,TBD,TBD,32,2011,1
373,Introduction to Financial Engineering,2014-01-07,2.4,10,Vadim,Lubskey,Professor,32,2011,1
342,Organizational Behavior,2015-03-12,3,20,William,Wallace,Professor,32,2011,1
304,Statistical Methods for Data Mining,2015-09-20,1.8,16,Adam,Terry,Senior Associate Dean,33,2010,1
305,Statistical Methods for Quality Improvement,2016-01-06,4,2,Daniel,Ahmadpour,Associate Professor,33,2010,1
317,Discrete-Event Systems Simulation,2014-09-15,3.9,15,Jeremy,Sessions,Associate Professor,33,2010,1
393,Industrial Engineering Design Project,2016-03-09,1.2,19,Mark,Warren,Clinical Associate Professor,33,2010,1
385,Introduction to Health Systems Engineering,2015-01-07,3.1,12,Neil,Mehrotra,Professor,33,2010,1
225,Principles of Entrepreneurship,2016-01-06,3.7,0,TBD,TBD,TBD,33,2010,1
342,Organizational Behavior,2015-03-12,2.3,20,William,Wallace,Professor,33,2010,1
304,Statistical Methods for Data Mining,2015-09-20,3.2,16,Adam,Terry,Senior Associate Dean,34,2009,1
392,Systems Project Management,2016-03-09,3.8,17,Charles,Johnson,Professor,34,2009,1
306,Decision Analysis,2014-01-10,2.8,6,Gordon,Howie,Professor,34,2009,1
325,Engineering Entrepreneurship,2014-09-15,1.7,11,Mike,Marion,Clinical Professor,34,2009,1
341,Social Networks Analysis,2015-03-12,3.4,4,Hassan,Caliban,Professor,34,2009,1
385,Introduction to Health Systems Engineering,2015-01-07,1.6,12,Neil,Mehrotra,Professor,34,2009,1
307,Quality Improvement by Experimental Design,2014-01-10,3.7,0,TBD,TBD,TBD,34,2009,1
304,Statistical Methods for Data Mining,2015-09-20,3.4,16,Adam,Terry,Senior Associate Dean,35,2008,1
201,Introduction to Statistics,2015-01-05,2.3,1,Bruce,Banner,Associate Professor,35,2008,1
390,Systems Management,2015-01-07,1.8,17,Charles,Johnson,Professor,35,2008,1
392,Systems Project Management,2016-03-09,3.9,17,Charles,Johnson,Professor,35,2008,1
391,Industrial Engineering Design,2016-03-09,3.9,8,Diego,Fernandez,Associate Professor,35,2008,1
202,Probability,2015-03-15,3.7,6,Gordon,Howie,Professor,35,2008,1
306,Decision Analysis,2014-01-10,2.5,6,Gordon,Howie,Professor,35,2008,1
381,Supply-Chain Modeling and Analysis,2014-01-07,3.9,14,Karen,Stenowitz,Associate Professor,35,2008,1
382,Production Planning and Scheduling,2014-03-12,2.1,7,Ali,Iravani,Professor,35,2008,1
383,Service Operations Management,2014-03-12,3.8,7,Ali,Iravani,Professor,35,2008,1
210,"Methods, Standards and Work Design",,1.9,0,TBD,TBD,TBD,35,2008,1
225,Principles of Entrepreneurship,2016-01-06,3.9,0,TBD,TBD,TBD,35,2008,1
342,Organizational Behavior,2015-03-12,2.5,20,William,Wallace,Professor,35,2008,1
304,Statistical Methods for Data Mining,2015-09-20,1.5,16,Adam,Terry,Senior Associate Dean,36,2009,1
313,Deterministic Methods and Optimization,2015-03-16,2.2,18,Amy,Watson,Associate Professor,36,2009,1
326,Economics and Finance for Engineers,2015-01-05,3,3,Benjamin,Allen,Assistant Professor,36,2009,1
201,Introduction to Statistics,2015-01-05,1.4,1,Bruce,Banner,Associate Professor,36,2009,1
392,Systems Project Management,2016-03-09,3.3,17,Charles,Johnson,Professor,36,2009,1
305,Statistical Methods for Quality Improvement,2016-01-06,2.5,2,Daniel,Ahmadpour,Associate Professor,36,2009,1
306,Decision Analysis,2014-01-10,1.9,6,Gordon,Howie,Professor,36,2009,1
310,Operations Research,2015-03-16,3.4,21,Jane,Wilson,Clinical Associate Professor,36,2009,1
381,Supply-Chain Modeling and Analysis,2014-01-07,2.7,14,Karen,Stenowitz,Associate Professor,36,2009,1
325,Engineering Entrepreneurship,2014-09-15,1.8,11,Mike,Marion,Clinical Professor,36,2009,1
382,Production Planning and Scheduling,2014-03-12,1.7,7,Ali,Iravani,Professor,36,2009,1
383,Service Operations Management,2014-03-12,3,7,Ali,Iravani,Professor,36,2009,1
307,Quality Improvement by Experimental Design,2014-01-10,3.4,0,TBD,TBD,TBD,36,2009,1
373,Introduction to Financial Engineering,2014-01-07,3.7,10,Vadim,Lubskey,Professor,36,2009,1
390,Systems Management,2015-01-07,3.9,17,Charles,Johnson,Professor,37,2007,1
317,Discrete-Event Systems Simulation,2014-09-15,4,15,Jeremy,Sessions,Associate Professor,37,2007,1
341,Social Networks Analysis,2015-03-12,3.5,4,Hassan,Caliban,Professor,37,2007,1
382,Production Planning and Scheduling,2014-03-12,1.6,7,Ali,Iravani,Professor,37,2007,1
373,Introduction to Financial Engineering,2014-01-07,1.6,10,Vadim,Lubskey,Professor,37,2007,1
342,Organizational Behavior,2015-03-12,1.8,20,William,Wallace,Professor,37,2007,1
326,Economics and Finance for Engineers,2015-01-05,3.3,3,Benjamin,Allen,Assistant Professor,38,2008,1
303,Statistics,2015-09-20,1.5,1,Bruce,Banner,Associate Professor,38,2008,1
340,Field Project Methods,2015-01-05,1.4,17,Charles,Johnson,Professor,38,2008,1
390,Systems Management,2015-01-07,2.9,17,Charles,Johnson,Professor,38,2008,1
392,Systems Project Management,2016-03-09,2.3,17,Charles,Johnson,Professor,38,2008,1
202,Probability,2015-03-15,3.6,6,Gordon,Howie,Professor,38,2008,1
310,Operations Research,2015-03-16,1.6,21,Jane,Wilson,Clinical Associate Professor,38,2008,1
381,Supply-Chain Modeling and Analysis,2014-01-07,1.8,14,Karen,Stenowitz,Associate Professor,38,2008,1
393,Industrial Engineering Design Project,2016-03-09,4,19,Mark,Warren,Clinical Associate Professor,38,2008,1
325,Engineering Entrepreneurship,2014-09-15,3.2,11,Mike,Marion,Clinical Professor,38,2008,1
341,Social Networks Analysis,2015-03-12,2.8,4,Hassan,Caliban,Professor,38,2008,1
342,Organizational Behavior,2015-03-12,3.6,20,William,Wallace,Professor,38,2008,1
326,Economics and Finance for Engineers,2015-01-05,3,3,Benjamin,Allen,Assistant Professor,39,2010,1
201,Introduction to Statistics,2015-01-05,1.6,1,Bruce,Banner,Associate Professor,39,2010,1
392,Systems Project Management,2016-03-09,3.1,17,Charles,Johnson,Professor,39,2010,1
202,Probability,2015-03-15,3.2,6,Gordon,Howie,Professor,39,2010,1
341,Social Networks Analysis,2015-03-12,2.7,4,Hassan,Caliban,Professor,39,2010,1
385,Introduction to Health Systems Engineering,2015-01-07,3.4,12,Neil,Mehrotra,Professor,39,2010,1
210,"Methods, Standards and Work Design",,3.6,0,TBD,TBD,TBD,39,2010,1
307,Quality Improvement by Experimental Design,2014-01-10,1.3,0,TBD,TBD,TBD,39,2010,1
201,Introduction to Statistics,2015-01-05,3.4,1,Bruce,Banner,Associate Professor,40,2010,1
390,Systems Management,2015-01-07,3.6,17,Charles,Johnson,Professor,40,2010,1
202,Probability,2015-03-15,1.3,6,Gordon,Howie,Professor,40,2010,1
306,Decision Analysis,2014-01-10,3.2,6,Gordon,Howie,Professor,40,2010,1
317,Discrete-Event Systems Simulation,2014-09-15,2,15,Jeremy,Sessions,Associate Professor,40,2010,1
393,Industrial Engineering Design Project,2016-03-09,3.7,19,Mark,Warren,Clinical Associate Professor,40,2010,1
341,Social Networks Analysis,2015-03-12,3.5,4,Hassan,Caliban,Professor,40,2010,1
385,Introduction to Health Systems Engineering,2015-01-07,3.7,12,Neil,Mehrotra,Professor,40,2010,1
382,Production Planning and Scheduling,2014-03-12,3.6,7,Ali,Iravani,Professor,40,2010,1
225,Principles of Entrepreneurship,2016-01-06,1.1,0,TBD,TBD,TBD,40,2010,1
307,Quality Improvement by Experimental Design,2014-01-10,2.4,0,TBD,TBD,TBD,40,2010,1
342,Organizational Behavior,2015-03-12,2.5,20,William,Wallace,Professor,40,2010,1
304,Statistical Methods for Data Mining,2015-09-20,3.8,16,Adam,Terry,Senior Associate Dean,41,2011,1
313,Deterministic Methods and Optimization,2015-03-16,2.3,18,Amy,Watson,Associate Professor,41,2011,1
392,Systems Project Management,2016-03-09,3,17,Charles,Johnson,Professor,41,2011,1
202,Probability,2015-03-15,4,6,Gordon,Howie,Professor,41,2011,1
306,Decision Analysis,2014-01-10,1.3,6,Gordon,Howie,Professor,41,2011,1
317,Discrete-Event Systems Simulation,2014-09-15,2.5,15,Jeremy,Sessions,Associate Professor,41,2011,1
315,Stochastic Models and Simulation,2015-09-20,2.6,13,Ohad,Peterson,Assistant Professor,41,2011,1
210,"Methods, Standards and Work Design",,3.9,0,TBD,TBD,TBD,41,2011,1
392,Systems Project Management,2016-03-09,3.7,17,Charles,Johnson,Professor,42,2011,1
391,Industrial Engineering Design,2016-03-09,3.2,8,Diego,Fernandez,Associate Professor,42,2011,1
202,Probability,2015-03-15,1.6,6,Gordon,Howie,Professor,42,2011,1
341,Social Networks Analysis,2015-03-12,3.1,4,Hassan,Caliban,Professor,42,2011,1
382,Production Planning and Scheduling,2014-03-12,2.5,7,Ali,Iravani,Professor,42,2011,1
225,Principles of Entrepreneurship,2016-01-06,3.8,0,TBD,TBD,TBD,42,2011,1
307,Quality Improvement by Experimental Design,2014-01-10,3.4,0,TBD,TBD,TBD,42,2011,1
313,Deterministic Methods and Optimization,2015-03-16,2.4,18,Amy,Watson,Associate Professor,43,2011,1
326,Economics and Finance for Engineers,2015-01-05,3.5,3,Benjamin,Allen,Assistant Professor,43,2011,1
306,Decision Analysis,2014-01-10,3.8,6,Gordon,Howie,Professor,43,2011,1
381,Supply-Chain Modeling and Analysis,2014-01-07,1.9,14,Karen,Stenowitz,Associate Professor,43,2011,1
325,Engineering Entrepreneurship,2014-09-15,3.7,11,Mike,Marion,Clinical Professor,43,2011,1
341,Social Networks Analysis,2015-03-12,1.1,4,Hassan,Caliban,Professor,43,2011,1
385,Introduction to Health Systems Engineering,2015-01-07,2.1,12,Neil,Mehrotra,Professor,43,2011,1
383,Service Operations Management,2014-03-12,4,7,Ali,Iravani,Professor,43,2011,1
373,Introduction to Financial Engineering,2014-01-07,1.4,10,Vadim,Lubskey,Professor,43,2011,1
342,Organizational Behavior,2015-03-12,3,20,William,Wallace,Professor,43,2011,1
342,Organizational Behavior,2015-03-12,3.5,20,William,Wallace,Professor,43,2011,1
326,Economics and Finance for Engineers,2015-01-05,3.9,3,Benjamin,Allen,Assistant Professor,44,2010,0
392,Systems Project Management,2016-03-09,3.8,17,Charles,Johnson,Professor,44,2010,0
310,Operations Research,2015-03-16,3,21,Jane,Wilson,Clinical Associate Professor,44,2010,0
315,Stochastic Models and Simulation,2015-09-20,1.9,13,Ohad,Peterson,Assistant Professor,44,2010,0
382,Production Planning and Scheduling,2014-03-12,3.2,7,Ali,Iravani,Professor,44,2010,0
225,Principles of Entrepreneurship,2016-01-06,1.7,0,TBD,TBD,TBD,44,2010,0
304,Statistical Methods for Data Mining,2015-09-20,1.4,16,Adam,Terry,Senior Associate Dean,45,2011,1
390,Systems Management,2015-01-07,1.9,17,Charles,Johnson,Professor,45,2011,1
392,Systems Project Management,2016-03-09,2.3,17,Charles,Johnson,Professor,45,2011,1
202,Probability,2015-03-15,1.6,6,Gordon,Howie,Professor,45,2011,1
306,Decision Analysis,2014-01-10,3.6,6,Gordon,Howie,Professor,45,2011,1
393,Industrial Engineering Design Project,2016-03-09,1.1,19,Mark,Warren,Clinical Associate Professor,45,2011,1
325,Engineering Entrepreneurship,2014-09-15,1.1,11,Mike,Marion,Clinical Professor,45,2011,1
315,Stochastic Models and Simulation,2015-09-20,2.9,13,Ohad,Peterson,Assistant Professor,45,2011,1
383,Service Operations Management,2014-03-12,1.8,7,Ali,Iravani,Professor,45,2011,1
225,Principles of Entrepreneurship,2016-01-06,1.1,0,TBD,TBD,TBD,45,2011,1
313,Deterministic Methods and Optimization,2015-03-16,2.9,18,Amy,Watson,Associate Professor,46,2008,1
201,Introduction to Statistics,2015-01-05,1.3,1,Bruce,Banner,Associate Professor,46,2008,1
303,Statistics,2015-09-20,1.9,1,Bruce,Banner,Associate Professor,46,2008,1
392,Systems Project Management,2016-03-09,1.8,17,Charles,Johnson,Professor,46,2008,1
202,Probability,2015-03-15,3.3,6,Gordon,Howie,Professor,46,2008,1
310,Operations Research,2015-03-16,3.1,21,Jane,Wilson,Clinical Associate Professor,46,2008,1
393,Industrial Engineering Design Project,2016-03-09,2.9,19,Mark,Warren,Clinical Associate Professor,46,2008,1
325,Engineering Entrepreneurship,2014-09-15,3.2,11,Mike,Marion,Clinical Professor,46,2008,1
307,Quality Improvement by Experimental Design,2014-01-10,3.8,0,TBD,TBD,TBD,46,2008,1
373,Introduction to Financial Engineering,2014-01-07,2,10,Vadim,Lubskey,Professor,46,2008,1
304,Statistical Methods for Data Mining,2015-09-20,1.9,16,Adam,Terry,Senior Associate Dean,47,2011,1
326,Economics and Finance for Engineers,2015-01-05,2.5,3,Benjamin,Allen,Assistant Professor,47,2011,1
340,Field Project Methods,2015-01-05,1.7,17,Charles,Johnson,Professor,47,2011,1
390,Systems Management,2015-01-07,2,17,Charles,Johnson,Professor,47,2011,1
391,Industrial Engineering Design,2016-03-09,3.6,8,Diego,Fernandez,Associate Professor,47,2011,1
310,Operations Research,2015-03-16,2.8,21,Jane,Wilson,Clinical Associate Professor,47,2011,1
381,Supply-Chain Modeling and Analysis,2014-01-07,2.3,14,Karen,Stenowitz,Associate Professor,47,2011,1
341,Social Networks Analysis,2015-03-12,2.5,4,Hassan,Caliban,Professor,47,2011,1
315,Stochastic Models and Simulation,2015-09-20,2,13,Ohad,Peterson,Assistant Professor,47,2011,1
382,Production Planning and Scheduling,2014-03-12,2.1,7,Ali,Iravani,Professor,47,2011,1
383,Service Operations Management,2014-03-12,2.6,7,Ali,Iravani,Professor,47,2011,1
225,Principles of Entrepreneurship,2016-01-06,3.5,0,TBD,TBD,TBD,47,2011,1
373,Introduction to Financial Engineering,2014-01-07,3.5,10,Vadim,Lubskey,Professor,47,2011,1
313,Deterministic Methods and Optimization,2015-03-16,3.9,18,Amy,Watson,Associate Professor,48,2009,1
326,Economics and Finance for Engineers,2015-01-05,3.2,3,Benjamin,Allen,Assistant Professor,48,2009,1
340,Field Project Methods,2015-01-05,3.7,17,Charles,Johnson,Professor,48,2009,1
391,Industrial Engineering Design,2016-03-09,3.6,8,Diego,Fernandez,Associate Professor,48,2009,1
202,Probability,2015-03-15,3.7,6,Gordon,Howie,Professor,48,2009,1
306,Decision Analysis,2014-01-10,1.4,6,Gordon,Howie,Professor,48,2009,1
381,Supply-Chain Modeling and Analysis,2014-01-07,3.2,14,Karen,Stenowitz,Associate Professor,48,2009,1
393,Industrial Engineering Design Project,2016-03-09,1.2,19,Mark,Warren,Clinical Associate Professor,48,2009,1
315,Stochastic Models and Simulation,2015-09-20,1.3,13,Ohad,Peterson,Assistant Professor,48,2009,1
382,Production Planning and Scheduling,2014-03-12,1.6,7,Ali,Iravani,Professor,48,2009,1
210,"Methods, Standards and Work Design",,3.9,0,TBD,TBD,TBD,48,2009,1
225,Principles of Entrepreneurship,2016-01-06,3.5,0,TBD,TBD,TBD,48,2009,1
307,Quality Improvement by Experimental Design,2014-01-10,3.1,0,TBD,TBD,TBD,48,2009,1
373,Introduction to Financial Engineering,2014-01-07,3.6,10,Vadim,Lubskey,Professor,48,2009,1
340,Field Project Methods,2015-01-05,1.9,17,Charles,Johnson,Professor,49,2008,1
306,Decision Analysis,2014-01-10,1.8,6,Gordon,Howie,Professor,49,2008,1
317,Discrete-Event Systems Simulation,2014-09-15,1.6,15,Jeremy,Sessions,Associate Professor,49,2008,1
381,Supply-Chain Modeling and Analysis,2014-01-07,3.9,14,Karen,Stenowitz,Associate Professor,49,2008,1
383,Service Operations Management,2014-03-12,1.4,7,Ali,Iravani,Professor,49,2008,1
313,Deterministic Methods and Optimization,2015-03-16,3.2,18,Amy,Watson,Associate Professor,50,2009,1
303,Statistics,2015-09-20,3.4,1,Bruce,Banner,Associate Professor,50,2009,1
317,Discrete-Event Systems Simulation,2014-09-15,1.7,15,Jeremy,Sessions,Associate Professor,50,2009,1
393,Industrial Engineering Design Project,2016-03-09,2.5,19,Mark,Warren,Clinical Associate Professor,50,2009,1
325,Engineering Entrepreneurship,2014-09-15,3.6,11,Mike,Marion,Clinical Professor,50,2009,1
341,Social Networks Analysis,2015-03-12,2.3,4,Hassan,Caliban,Professor,50,2009,1
373,Introduction to Financial Engineering,2014-01-07,2.5,10,Vadim,Lubskey,Professor,50,2009,1
304,Statistical Methods for Data Mining,2015-09-20,3.3,16,Adam,Terry,Senior Associate Dean,51,2011,1
313,Deterministic Methods and Optimization,2015-03-16,3.9,18,Amy,Watson,Associate Professor,51,2011,1
326,Economics and Finance for Engineers,2015-01-05,1.3,3,Benjamin,Allen,Assistant Professor,51,2011,1
202,Probability,2015-03-15,2.5,6,Gordon,Howie,Professor,51,2011,1
317,Discrete-Event Systems Simulation,2014-09-15,1.2,15,Jeremy,Sessions,Associate Professor,51,2011,1
310,Operations Research,2015-03-16,3.8,21,Jane,Wilson,Clinical Associate Professor,51,2011,1
381,Supply-Chain Modeling and Analysis,2014-01-07,2.3,14,Karen,Stenowitz,Associate Professor,51,2011,1
385,Introduction to Health Systems Engineering,2015-01-07,2.3,12,Neil,Mehrotra,Professor,51,2011,1
383,Service Operations Management,2014-03-12,3.3,7,Ali,Iravani,Professor,51,2011,1
210,"Methods, Standards and Work Design",,3.6,0,TBD,TBD,TBD,51,2011,1
373,Introduction to Financial Engineering,2014-01-07,2.3,10,Vadim,Lubskey,Professor,51,2011,1
342,Organizational Behavior,2015-03-12,1.3,20,William,Wallace,Professor,51,2011,1
326,Economics and Finance for Engineers,2015-01-05,1.7,3,Benjamin,Allen,Assistant Professor,52,2010,1
390,Systems Management,2015-01-07,2.1,17,Charles,Johnson,Professor,52,2010,1
392,Systems Project Management,2016-03-09,3.1,17,Charles,Johnson,Professor,52,2010,1
391,Industrial Engineering Design,2016-03-09,1.7,8,Diego,Fernandez,Associate Professor,52,2010,1
306,Decision Analysis,2014-01-10,3.7,6,Gordon,Howie,Professor,52,2010,1
310,Operations Research,2015-03-16,2.1,21,Jane,Wilson,Clinical Associate Professor,52,2010,1
325,Engineering Entrepreneurship,2014-09-15,3.9,11,Mike,Marion,Clinical Professor,52,2010,1
341,Social Networks Analysis,2015-03-12,1.1,4,Hassan,Caliban,Professor,52,2010,1
382,Production Planning and Scheduling,2014-03-12,2.4,7,Ali,Iravani,Professor,52,2010,1
313,Deterministic Methods and Optimization,2015-03-16,3.4,18,Amy,Watson,Associate Professor,53,2009,1
303,Statistics,2015-09-20,2.2,1,Bruce,Banner,Associate Professor,53,2009,1
390,Systems Management,2015-01-07,2.3,17,Charles,Johnson,Professor,53,2009,1
305,Statistical Methods for Quality Improvement,2016-01-06,3.8,2,Daniel,Ahmadpour,Associate Professor,53,2009,1
317,Discrete-Event Systems Simulation,2014-09-15,3.2,15,Jeremy,Sessions,Associate Professor,53,2009,1
341,Social Networks Analysis,2015-03-12,1.8,4,Hassan,Caliban,Professor,53,2009,1
315,Stochastic Models and Simulation,2015-09-20,2.6,13,Ohad,Peterson,Assistant Professor,53,2009,1
383,Service Operations Management,2014-03-12,1.5,7,Ali,Iravani,Professor,53,2009,1
225,Principles of Entrepreneurship,2016-01-06,2.8,0,TBD,TBD,TBD,53,2009,1
342,Organizational Behavior,2015-03-12,3.5,20,William,Wallace,Professor,53,2009,1
340,Field Project Methods,2015-01-05,1.6,17,Charles,Johnson,Professor,54,2011,1
202,Probability,2015-03-15,2.2,6,Gordon,Howie,Professor,54,2011,1
306,Decision Analysis,2014-01-10,2,6,Gordon,Howie,Professor,54,2011,1
317,Discrete-Event Systems Simulation,2014-09-15,3.2,15,Jeremy,Sessions,Associate Professor,54,2011,1
341,Social Networks Analysis,2015-03-12,2.7,4,Hassan,Caliban,Professor,54,2011,1
382,Production Planning and Scheduling,2014-03-12,1.9,7,Ali,Iravani,Professor,54,2011,1
342,Organizational Behavior,2015-03-12,1.9,20,William,Wallace,Professor,54,2011,1
326,Economics and Finance for Engineers,2015-01-05,1.3,3,Benjamin,Allen,Assistant Professor,55,2010,1
201,Introduction to Statistics,2015-01-05,3.9,1,Bruce,Banner,Associate Professor,55,2010,1
340,Field Project Methods,2015-01-05,3.4,17,Charles,Johnson,Professor,55,2010,1
317,Discrete-Event Systems Simulation,2014-09-15,1.6,15,Jeremy,Sessions,Associate Professor,55,2010,1
341,Social Networks Analysis,2015-03-12,2.8,4,Hassan,Caliban,Professor,55,2010,1
385,Introduction to Health Systems Engineering,2015-01-07,2.9,12,Neil,Mehrotra,Professor,55,2010,1
210,"Methods, Standards and Work Design",,2.8,0,TBD,TBD,TBD,55,2010,1
307,Quality Improvement by Experimental Design,2014-01-10,1.6,0,TBD,TBD,TBD,55,2010,1
304,Statistical Methods for Data Mining,2015-09-20,3.9,16,Adam,Terry,Senior Associate Dean,56,2009,1
326,Economics and Finance for Engineers,2015-01-05,2.2,3,Benjamin,Allen,Assistant Professor,56,2009,1
390,Systems Management,2015-01-07,2.4,17,Charles,Johnson,Professor,56,2009,1
392,Systems Project Management,2016-03-09,2.9,17,Charles,Johnson,Professor,56,2009,1
306,Decision Analysis,2014-01-10,1.4,6,Gordon,Howie,Professor,56,2009,1
310,Operations Research,2015-03-16,3.8,21,Jane,Wilson,Clinical Associate Professor,56,2009,1
315,Stochastic Models and Simulation,2015-09-20,1.6,13,Ohad,Peterson,Assistant Professor,56,2009,1
383,Service Operations Management,2014-03-12,3.8,7,Ali,Iravani,Professor,56,2009,1
210,"Methods, Standards and Work Design",,3.1,0,TBD,TBD,TBD,56,2009,1
225,Principles of Entrepreneurship,2016-01-06,1.2,0,TBD,TBD,TBD,56,2009,1
307,Quality Improvement by Experimental Design,2014-01-10,1.8,0,TBD,TBD,TBD,56,2009,1
307,Quality Improvement by Experimental Design,2014-01-10,2.4,0,TBD,TBD,TBD,56,2009,1
342,Organizational Behavior,2015-03-12,3.3,20,William,Wallace,Professor,56,2009,1
304,Statistical Methods for Data Mining,2015-09-20,1.2,16,Adam,Terry,Senior Associate Dean,57,2011,0
201,Introduction to Statistics,2015-01-05,3.7,1,Bruce,Banner,Associate Professor,57,2011,0
340,Field Project Methods,2015-01-05,1.7,17,Charles,Johnson,Professor,57,2011,0
391,Industrial Engineering Design,2016-03-09,3.2,8,Diego,Fernandez,Associate Professor,57,2011,0
306,Decision Analysis,2014-01-10,2.3,6,Gordon,Howie,Professor,57,2011,0
310,Operations Research,2015-03-16,3.9,21,Jane,Wilson,Clinical Associate Professor,57,2011,0
341,Social Networks Analysis,2015-03-12,3.8,4,Hassan,Caliban,Professor,57,2011,0
315,Stochastic Models and Simulation,2015-09-20,2,13,Ohad,Peterson,Assistant Professor,57,2011,0
383,Service Operations Management,2014-03-12,3.8,7,Ali,Iravani,Professor,57,2011,0
225,Principles of Entrepreneurship,2016-01-06,2,0,TBD,TBD,TBD,57,2011,0
201,Introduction to Statistics,2015-01-05,3.2,1,Bruce,Banner,Associate Professor,58,2010,1
303,Statistics,2015-09-20,3.4,1,Bruce,Banner,Associate Professor,58,2010,1
340,Field Project Methods,2015-01-05,1.5,17,Charles,Johnson,Professor,58,2010,1
202,Probability,2015-03-15,3.9,6,Gordon,Howie,Professor,58,2010,1
306,Decision Analysis,2014-01-10,3.6,6,Gordon,Howie,Professor,58,2010,1
310,Operations Research,2015-03-16,1.5,21,Jane,Wilson,Clinical Associate Professor,58,2010,1
381,Supply-Chain Modeling and Analysis,2014-01-07,1.7,14,Karen,Stenowitz,Associate Professor,58,2010,1
393,Industrial Engineering Design Project,2016-03-09,2.4,19,Mark,Warren,Clinical Associate Professor,58,2010,1
385,Introduction to Health Systems Engineering,2015-01-07,1.6,12,Neil,Mehrotra,Professor,58,2010,1
382,Production Planning and Scheduling,2014-03-12,2.1,7,Ali,Iravani,Professor,58,2010,1
342,Organizational Behavior,2015-03-12,1.6,20,William,Wallace,Professor,58,2010,1
304,Statistical Methods for Data Mining,2015-09-20,2.8,16,Adam,Terry,Senior Associate Dean,59,2009,1
201,Introduction to Statistics,2015-01-05,1.8,1,Bruce,Banner,Associate Professor,59,2009,1
303,Statistics,2015-09-20,2.1,1,Bruce,Banner,Associate Professor,59,2009,1
390,Systems Management,2015-01-07,2.2,17,Charles,Johnson,Professor,59,2009,1
392,Systems Project Management,2016-03-09,3.1,17,Charles,Johnson,Professor,59,2009,1
391,Industrial Engineering Design,2016-03-09,1.5,8,Diego,Fernandez,Associate Professor,59,2009,1
306,Decision Analysis,2014-01-10,2.2,6,Gordon,Howie,Professor,59,2009,1
393,Industrial Engineering Design Project,2016-03-09,3.9,19,Mark,Warren,Clinical Associate Professor,59,2009,1
341,Social Networks Analysis,2015-03-12,3.7,4,Hassan,Caliban,Professor,59,2009,1
383,Service Operations Management,2014-03-12,3.2,7,Ali,Iravani,Professor,59,2009,1
390,Systems Management,2015-01-07,3.8,17,Charles,Johnson,Professor,60,2010,1
305,Statistical Methods for Quality Improvement,2016-01-06,1.9,2,Daniel,Ahmadpour,Associate Professor,60,2010,1
310,Operations Research,2015-03-16,1.3,21,Jane,Wilson,Clinical Associate Professor,60,2010,1
381,Supply-Chain Modeling and Analysis,2014-01-07,3.2,14,Karen,Stenowitz,Associate Professor,60,2010,1
325,Engineering Entrepreneurship,2014-09-15,2.2,11,Mike,Marion,Clinical Professor,60,2010,1
341,Social Networks Analysis,2015-03-12,3.6,4,Hassan,Caliban,Professor,60,2010,1
315,Stochastic Models and Simulation,2015-09-20,2.4,13,Ohad,Peterson,Assistant Professor,60,2010,1
382,Production Planning and Scheduling,2014-03-12,3,7,Ali,Iravani,Professor,60,2010,1
210,"Methods, Standards and Work Design",,3.1,0,TBD,TBD,TBD,60,2010,1
326,Economics and Finance for Engineers,2015-01-05,1,3,Benjamin,Allen,Assistant Professor,61,2010,1
390,Systems Management,2015-01-07,1.4,17,Charles,Johnson,Professor,61,2010,1
202,Probability,2015-03-15,1.3,6,Gordon,Howie,Professor,61,2010,1
381,Supply-Chain Modeling and Analysis,2014-01-07,2.1,14,Karen,Stenowitz,Associate Professor,61,2010,1
385,Introduction to Health Systems Engineering,2015-01-07,2.9,12,Neil,Mehrotra,Professor,61,2010,1
383,Service Operations Management,2014-03-12,2.2,7,Ali,Iravani,Professor,61,2010,1
307,Quality Improvement by Experimental Design,2014-01-10,1.8,0,TBD,TBD,TBD,61,2010,1
342,Organizational Behavior,2015-03-12,2.3,20,William,Wallace,Professor,61,2010,1
304,Statistical Methods for Data Mining,2015-09-20,3.1,16,Adam,Terry,Senior Associate Dean,62,2009,1
390,Systems Management,2015-01-07,1.9,17,Charles,Johnson,Professor,62,2009,1
391,Industrial Engineering Design,2016-03-09,4,8,Diego,Fernandez,Associate Professor,62,2009,1
202,Probability,2015-03-15,4,6,Gordon,Howie,Professor,62,2009,1
317,Discrete-Event Systems Simulation,2014-09-15,3.7,15,Jeremy,Sessions,Associate Professor,62,2009,1
381,Supply-Chain Modeling and Analysis,2014-01-07,3.6,14,Karen,Stenowitz,Associate Professor,62,2009,1
210,"Methods, Standards and Work Design",,3.7,0,TBD,TBD,TBD,62,2009,1
326,Economics and Finance for Engineers,2015-01-05,1.2,3,Benjamin,Allen,Assistant Professor,63,2007,1
201,Introduction to Statistics,2015-01-05,2.8,1,Bruce,Banner,Associate Professor,63,2007,1
305,Statistical Methods for Quality Improvement,2016-01-06,3.1,2,Daniel,Ahmadpour,Associate Professor,63,2007,1
310,Operations Research,2015-03-16,2.4,21,Jane,Wilson,Clinical Associate Professor,63,2007,1
325,Engineering Entrepreneurship,2014-09-15,3.3,11,Mike,Marion,Clinical Professor,63,2007,1
341,Social Networks Analysis,2015-03-12,2.8,4,Hassan,Caliban,Professor,63,2007,1
382,Production Planning and Scheduling,2014-03-12,2.4,7,Ali,Iravani,Professor,63,2007,1
383,Service Operations Management,2014-03-12,3,7,Ali,Iravani,Professor,63,2007,1
225,Principles of Entrepreneurship,2016-01-06,3.4,0,TBD,TBD,TBD,63,2007,1
307,Quality Improvement by Experimental Design,2014-01-10,2,0,TBD,TBD,TBD,63,2007,1
342,Organizational Behavior,2015-03-12,3.3,20,William,Wallace,Professor,63,2007,1
201,Introduction to Statistics,2015-01-05,1.4,1,Bruce,Banner,Associate Professor,64,2011,1
340,Field Project Methods,2015-01-05,2.2,17,Charles,Johnson,Professor,64,2011,1
390,Systems Management,2015-01-07,2.7,17,Charles,Johnson,Professor,64,2011,1
317,Discrete-Event Systems Simulation,2014-09-15,3.1,15,Jeremy,Sessions,Associate Professor,64,2011,1
310,Operations Research,2015-03-16,2.7,21,Jane,Wilson,Clinical Associate Professor,64,2011,1
381,Supply-Chain Modeling and Analysis,2014-01-07,1.3,14,Karen,Stenowitz,Associate Professor,64,2011,1
325,Engineering Entrepreneurship,2014-09-15,2.7,11,Mike,Marion,Clinical Professor,64,2011,1
315,Stochastic Models and Simulation,2015-09-20,2.8,13,Ohad,Peterson,Assistant Professor,64,2011,1
385,Introduction to Health Systems Engineering,2015-01-07,2.5,12,Neil,Mehrotra,Professor,64,2011,1
307,Quality Improvement by Experimental Design,2014-01-10,1.8,0,TBD,TBD,TBD,64,2011,1
304,Statistical Methods for Data Mining,2015-09-20,2.9,16,Adam,Terry,Senior Associate Dean,65,2008,1
313,Deterministic Methods and Optimization,2015-03-16,4,18,Amy,Watson,Associate Professor,65,2008,1
201,Introduction to Statistics,2015-01-05,2,1,Bruce,Banner,Associate Professor,65,2008,1
390,Systems Management,2015-01-07,2.5,17,Charles,Johnson,Professor,65,2008,1
305,Statistical Methods for Quality Improvement,2016-01-06,2.2,2,Daniel,Ahmadpour,Associate Professor,65,2008,1
317,Discrete-Event Systems Simulation,2014-09-15,3.2,15,Jeremy,Sessions,Associate Professor,65,2008,1
393,Industrial Engineering Design Project,2016-03-09,2.8,19,Mark,Warren,Clinical Associate Professor,65,2008,1
325,Engineering Entrepreneurship,2014-09-15,3.2,11,Mike,Marion,Clinical Professor,65,2008,1
225,Principles of Entrepreneurship,2016-01-06,1.4,0,TBD,TBD,TBD,65,2008,1
373,Introduction to Financial Engineering,2014-01-07,1.7,10,Vadim,Lubskey,Professor,65,2008,1
201,Introduction to Statistics,2015-01-05,1.5,1,Bruce,Banner,Associate Professor,66,2010,1
392,Systems Project Management,2016-03-09,2.2,17,Charles,Johnson,Professor,66,2010,1
202,Probability,2015-03-15,3.4,6,Gordon,Howie,Professor,66,2010,1
306,Decision Analysis,2014-01-10,3,6,Gordon,Howie,Professor,66,2010,1
310,Operations Research,2015-03-16,3.8,21,Jane,Wilson,Clinical Associate Professor,66,2010,1
393,Industrial Engineering Design Project,2016-03-09,2.7,19,Mark,Warren,Clinical Associate Professor,66,2010,1
325,Engineering Entrepreneurship,2014-09-15,1.1,11,Mike,Marion,Clinical Professor,66,2010,1
325,Engineering Entrepreneurship,2014-09-15,1.3,11,Mike,Marion,Clinical Professor,66,2010,1
385,Introduction to Health Systems Engineering,2015-01-07,3.3,12,Neil,Mehrotra,Professor,66,2010,1
383,Service Operations Management,2014-03-12,2.3,7,Ali,Iravani,Professor,66,2010,1
210,"Methods, Standards and Work Design",,3.7,0,TBD,TBD,TBD,66,2010,1
304,Statistical Methods for Data Mining,2015-09-20,3.9,16,Adam,Terry,Senior Associate Dean,67,2011,0
326,Economics and Finance for Engineers,2015-01-05,3.8,3,Benjamin,Allen,Assistant Professor,67,2011,0
390,Systems Management,2015-01-07,3.3,17,Charles,Johnson,Professor,67,2011,0
305,Statistical Methods for Quality Improvement,2016-01-06,3.4,2,Daniel,Ahmadpour,Associate Professor,67,2011,0
391,Industrial Engineering Design,2016-03-09,2,8,Diego,Fernandez,Associate Professor,67,2011,0
325,Engineering Entrepreneurship,2014-09-15,3.4,11,Mike,Marion,Clinical Professor,67,2011,0
385,Introduction to Health Systems Engineering,2015-01-07,1.4,12,Neil,Mehrotra,Professor,67,2011,0
383,Service Operations Management,2014-03-12,2.8,7,Ali,Iravani,Professor,67,2011,0
373,Introduction to Financial Engineering,2014-01-07,3.3,10,Vadim,Lubskey,Professor,67,2011,0
304,Statistical Methods for Data Mining,2015-09-20,1.4,16,Adam,Terry,Senior Associate Dean,68,2010,1
313,Deterministic Methods and Optimization,2015-03-16,3.2,18,Amy,Watson,Associate Professor,68,2010,1
201,Introduction to Statistics,2015-01-05,3.9,1,Bruce,Banner,Associate Professor,68,2010,1
390,Systems Management,2015-01-07,3.4,17,Charles,Johnson,Professor,68,2010,1
305,Statistical Methods for Quality Improvement,2016-01-06,1.8,2,Daniel,Ahmadpour,Associate Professor,68,2010,1
391,Industrial Engineering Design,2016-03-09,1.6,8,Diego,Fernandez,Associate Professor,68,2010,1
310,Operations Research,2015-03-16,1.2,21,Jane,Wilson,Clinical Associate Professor,68,2010,1
382,Production Planning and Scheduling,2014-03-12,3.5,7,Ali,Iravani,Professor,68,2010,1
210,"Methods, Standards and Work Design",,1.1,0,TBD,TBD,TBD,68,2010,1
307,Quality Improvement by Experimental Design,2014-01-10,2.9,0,TBD,TBD,TBD,68,2010,1
313,Deterministic Methods and Optimization,2015-03-16,3,18,Amy,Watson,Associate Professor,69,2011,1
326,Economics and Finance for Engineers,2015-01-05,1.7,3,Benjamin,Allen,Assistant Professor,69,2011,1
390,Systems Management,2015-01-07,3.2,17,Charles,Johnson,Professor,69,2011,1
391,Industrial Engineering Design,2016-03-09,3.3,8,Diego,Fernandez,Associate Professor,69,2011,1
310,Operations Research,2015-03-16,3.4,21,Jane,Wilson,Clinical Associate Professor,69,2011,1
381,Supply-Chain Modeling and Analysis,2014-01-07,1.1,14,Karen,Stenowitz,Associate Professor,69,2011,1
341,Social Networks Analysis,2015-03-12,2.6,4,Hassan,Caliban,Professor,69,2011,1
315,Stochastic Models and Simulation,2015-09-20,1.6,13,Ohad,Peterson,Assistant Professor,69,2011,1
382,Production Planning and Scheduling,2014-03-12,3.9,7,Ali,Iravani,Professor,69,2011,1
383,Service Operations Management,2014-03-12,3,7,Ali,Iravani,Professor,69,2011,1
304,Statistical Methods for Data Mining,2015-09-20,1.9,16,Adam,Terry,Senior Associate Dean,70,2008,1
326,Economics and Finance for Engineers,2015-01-05,2.7,3,Benjamin,Allen,Assistant Professor,70,2008,1
310,Operations Research,2015-03-16,2.7,21,Jane,Wilson,Clinical Associate Professor,70,2008,1
373,Introduction to Financial Engineering,2014-01-07,2.2,10,Vadim,Lubskey,Professor,70,2008,1
342,Organizational Behavior,2015-03-12,2.6,20,William,Wallace,Professor,70,2008,1
304,Statistical Methods for Data Mining,2015-09-20,1.4,16,Adam,Terry,Senior Associate Dean,71,2010,1
326,Economics and Finance for Engineers,2015-01-05,4,3,Benjamin,Allen,Assistant Professor,71,2010,1
340,Field Project Methods,2015-01-05,1.4,17,Charles,Johnson,Professor,71,2010,1
305,Statistical Methods for Quality Improvement,2016-01-06,2.3,2,Daniel,Ahmadpour,Associate Professor,71,2010,1
391,Industrial Engineering Design,2016-03-09,2.1,8,Diego,Fernandez,Associate Professor,71,2010,1
202,Probability,2015-03-15,3.9,6,Gordon,Howie,Professor,71,2010,1
317,Discrete-Event Systems Simulation,2014-09-15,3.3,15,Jeremy,Sessions,Associate Professor,71,2010,1
310,Operations Research,2015-03-16,2,21,Jane,Wilson,Clinical Associate Professor,71,2010,1
325,Engineering Entrepreneurship,2014-09-15,3.8,11,Mike,Marion,Clinical Professor,71,2010,1
341,Social Networks Analysis,2015-03-12,3.3,4,Hassan,Caliban,Professor,71,2010,1
315,Stochastic Models and Simulation,2015-09-20,2.5,13,Ohad,Peterson,Assistant Professor,71,2010,1
373,Introduction to Financial Engineering,2014-01-07,2.5,10,Vadim,Lubskey,Professor,71,2010,1
326,Economics and Finance for Engineers,2015-01-05,3.4,3,Benjamin,Allen,Assistant Professor,72,2010,1
315,Stochastic Models and Simulation,2015-09-20,3.8,13,Ohad,Peterson,Assistant Professor,72,2010,1
383,Service Operations Management,2014-03-12,2.7,7,Ali,Iravani,Professor,72,2010,1
307,Quality Improvement by Experimental Design,2014-01-10,1.7,0,TBD,TBD,TBD,72,2010,1
342,Organizational Behavior,2015-03-12,2.4,20,William,Wallace,Professor,72,2010,1
340,Field Project Methods,2015-01-05,4,17,Charles,Johnson,Professor,73,2007,1
390,Systems Management,2015-01-07,2.7,17,Charles,Johnson,Professor,73,2007,1
305,Statistical Methods for Quality Improvement,2016-01-06,2,2,Daniel,Ahmadpour,Associate Professor,73,2007,1
393,Industrial Engineering Design Project,2016-03-09,1.8,19,Mark,Warren,Clinical Associate Professor,73,2007,1
341,Social Networks Analysis,2015-03-12,3.6,4,Hassan,Caliban,Professor,73,2007,1
225,Principles of Entrepreneurship,2016-01-06,2,0,TBD,TBD,TBD,73,2007,1
373,Introduction to Financial Engineering,2014-01-07,2,10,Vadim,Lubskey,Professor,73,2007,1
342,Organizational Behavior,2015-03-12,2.7,20,William,Wallace,Professor,73,2007,1
303,Statistics,2015-09-20,1.1,1,Bruce,Banner,Associate Professor,74,2009,1
305,Statistical Methods for Quality Improvement,2016-01-06,2.5,2,Daniel,Ahmadpour,Associate Professor,74,2009,1
306,Decision Analysis,2014-01-10,2.9,6,Gordon,Howie,Professor,74,2009,1
381,Supply-Chain Modeling and Analysis,2014-01-07,2.1,14,Karen,Stenowitz,Associate Professor,74,2009,1
325,Engineering Entrepreneurship,2014-09-15,3.4,11,Mike,Marion,Clinical Professor,74,2009,1
382,Production Planning and Scheduling,2014-03-12,2.7,7,Ali,Iravani,Professor,74,2009,1
210,"Methods, Standards and Work Design",,2.8,0,TBD,TBD,TBD,74,2009,1
225,Principles of Entrepreneurship,2016-01-06,2.3,0,TBD,TBD,TBD,74,2009,1
342,Organizational Behavior,2015-03-12,3.4,20,William,Wallace,Professor,74,2009,1
304,Statistical Methods for Data Mining,2015-09-20,2.2,16,Adam,Terry,Senior Associate Dean,75,2008,1
392,Systems Project Management,2016-03-09,2.7,17,Charles,Johnson,Professor,75,2008,1
306,Decision Analysis,2014-01-10,1.8,6,Gordon,Howie,Professor,75,2008,1
310,Operations Research,2015-03-16,3.6,21,Jane,Wilson,Clinical Associate Professor,75,2008,1
381,Supply-Chain Modeling and Analysis,2014-01-07,3.8,14,Karen,Stenowitz,Associate Professor,75,2008,1
325,Engineering Entrepreneurship,2014-09-15,4,11,Mike,Marion,Clinical Professor,75,2008,1
385,Introduction to Health Systems Engineering,2015-01-07,2.7,12,Neil,Mehrotra,Professor,75,2008,1
383,Service Operations Management,2014-03-12,2.2,7,Ali,Iravani,Professor,75,2008,1
307,Quality Improvement by Experimental Design,2014-01-10,3.9,0,TBD,TBD,TBD,75,2008,1
304,Statistical Methods for Data Mining,2015-09-20,2.1,16,Adam,Terry,Senior Associate Dean,76,2008,1
326,Economics and Finance for Engineers,2015-01-05,3.6,3,Benjamin,Allen,Assistant Professor,76,2008,1
201,Introduction to Statistics,2015-01-05,1.9,1,Bruce,Banner,Associate Professor,76,2008,1
303,Statistics,2015-09-20,2.6,1,Bruce,Banner,Associate Professor,76,2008,1
340,Field Project Methods,2015-01-05,3,17,Charles,Johnson,Professor,76,2008,1
306,Decision Analysis,2014-01-10,1.8,6,Gordon,Howie,Professor,76,2008,1
317,Discrete-Event Systems Simulation,2014-09-15,2.7,15,Jeremy,Sessions,Associate Professor,76,2008,1
341,Social Networks Analysis,2015-03-12,1.5,4,Hassan,Caliban,Professor,76,2008,1
382,Production Planning and Scheduling,2014-03-12,1.6,7,Ali,Iravani,Professor,76,2008,1
383,Service Operations Management,2014-03-12,3.4,7,Ali,Iravani,Professor,76,2008,1
373,Introduction to Financial Engineering,2014-01-07,2.3,10,Vadim,Lubskey,Professor,76,2008,1
201,Introduction to Statistics,2015-01-05,3.9,1,Bruce,Banner,Associate Professor,77,2010,1
391,Industrial Engineering Design,2016-03-09,2.7,8,Diego,Fernandez,Associate Professor,77,2010,1
306,Decision Analysis,2014-01-10,2.4,6,Gordon,Howie,Professor,77,2010,1
317,Discrete-Event Systems Simulation,2014-09-15,2.1,15,Jeremy,Sessions,Associate Professor,77,2010,1
393,Industrial Engineering Design Project,2016-03-09,3.6,19,Mark,Warren,Clinical Associate Professor,77,2010,1
315,Stochastic Models and Simulation,2015-09-20,1.8,13,Ohad,Peterson,Assistant Professor,77,2010,1
373,Introduction to Financial Engineering,2014-01-07,3.7,10,Vadim,Lubskey,Professor,77,2010,1
313,Deterministic Methods and Optimization,2015-03-16,3.6,18,Amy,Watson,Associate Professor,78,2008,1
303,Statistics,2015-09-20,2.1,1,Bruce,Banner,Associate Professor,78,2008,1
392,Systems Project Management,2016-03-09,2,17,Charles,Johnson,Professor,78,2008,1
202,Probability,2015-03-15,4,6,Gordon,Howie,Professor,78,2008,1
310,Operations Research,2015-03-16,3.1,21,Jane,Wilson,Clinical Associate Professor,78,2008,1
325,Engineering Entrepreneurship,2014-09-15,2.5,11,Mike,Marion,Clinical Professor,78,2008,1
385,Introduction to Health Systems Engineering,2015-01-07,3.1,12,Neil,Mehrotra,Professor,78,2008,1
382,Production Planning and Scheduling,2014-03-12,2.9,7,Ali,Iravani,Professor,78,2008,1
383,Service Operations Management,2014-03-12,1.4,7,Ali,Iravani,Professor,78,2008,1
210,"Methods, Standards and Work Design",,1.5,0,TBD,TBD,TBD,78,2008,1
373,Introduction to Financial Engineering,2014-01-07,1.7,10,Vadim,Lubskey,Professor,78,2008,1
342,Organizational Behavior,2015-03-12,2.3,20,William,Wallace,Professor,78,2008,1
201,Introduction to Statistics,2015-01-05,1.5,1,Bruce,Banner,Associate Professor,79,2007,1
303,Statistics,2015-09-20,3.1,1,Bruce,Banner,Associate Professor,79,2007,1
306,Decision Analysis,2014-01-10,2.3,6,Gordon,Howie,Professor,79,2007,1
317,Discrete-Event Systems Simulation,2014-09-15,2,15,Jeremy,Sessions,Associate Professor,79,2007,1
325,Engineering Entrepreneurship,2014-09-15,1.7,11,Mike,Marion,Clinical Professor,79,2007,1
341,Social Networks Analysis,2015-03-12,1.7,4,Hassan,Caliban,Professor,79,2007,1
382,Production Planning and Scheduling,2014-03-12,1.2,7,Ali,Iravani,Professor,79,2007,1
307,Quality Improvement by Experimental Design,2014-01-10,1.5,0,TBD,TBD,TBD,79,2007,1
373,Introduction to Financial Engineering,2014-01-07,1.2,10,Vadim,Lubskey,Professor,79,2007,1
390,Systems Management,2015-01-07,2.4,17,Charles,Johnson,Professor,80,2011,1
392,Systems Project Management,2016-03-09,1.9,17,Charles,Johnson,Professor,80,2011,1
391,Industrial Engineering Design,2016-03-09,3,8,Diego,Fernandez,Associate Professor,80,2011,1
317,Discrete-Event Systems Simulation,2014-09-15,2.2,15,Jeremy,Sessions,Associate Professor,80,2011,1
393,Industrial Engineering Design Project,2016-03-09,1.4,19,Mark,Warren,Clinical Associate Professor,80,2011,1
325,Engineering Entrepreneurship,2014-09-15,2.6,11,Mike,Marion,Clinical Professor,80,2011,1
315,Stochastic Models and Simulation,2015-09-20,2.5,13,Ohad,Peterson,Assistant Professor,80,2011,1
307,Quality Improvement by Experimental Design,2014-01-10,3.2,0,TBD,TBD,TBD,80,2011,1
304,Statistical Methods for Data Mining,2015-09-20,3.5,16,Adam,Terry,Senior Associate Dean,81,2009,1
201,Introduction to Statistics,2015-01-05,3.7,1,Bruce,Banner,Associate Professor,81,2009,1
390,Systems Management,2015-01-07,3.5,17,Charles,Johnson,Professor,81,2009,1
392,Systems Project Management,2016-03-09,2,17,Charles,Johnson,Professor,81,2009,1
391,Industrial Engineering Design,2016-03-09,1.7,8,Diego,Fernandez,Associate Professor,81,2009,1
202,Probability,2015-03-15,3.4,6,Gordon,Howie,Professor,81,2009,1
325,Engineering Entrepreneurship,2014-09-15,2.4,11,Mike,Marion,Clinical Professor,81,2009,1
383,Service Operations Management,2014-03-12,2.5,7,Ali,Iravani,Professor,81,2009,1
306,Decision Analysis,2014-01-10,3.2,6,Gordon,Howie,Professor,82,2008,1
381,Supply-Chain Modeling and Analysis,2014-01-07,3.5,14,Karen,Stenowitz,Associate Professor,82,2008,1
393,Industrial Engineering Design Project,2016-03-09,2,19,Mark,Warren,Clinical Associate Professor,82,2008,1
341,Social Networks Analysis,2015-03-12,1.1,4,Hassan,Caliban,Professor,82,2008,1
342,Organizational Behavior,2015-03-12,3,20,William,Wallace,Professor,82,2008,1
303,Statistics,2015-09-20,3,1,Bruce,Banner,Associate Professor,83,2009,1
340,Field Project Methods,2015-01-05,3.4,17,Charles,Johnson,Professor,83,2009,1
392,Systems Project Management,2016-03-09,1.1,17,Charles,Johnson,Professor,83,2009,1
391,Industrial Engineering Design,2016-03-09,2.5,8,Diego,Fernandez,Associate Professor,83,2009,1
306,Decision Analysis,2014-01-10,2.1,6,Gordon,Howie,Professor,83,2009,1
341,Social Networks Analysis,2015-03-12,2.4,4,Hassan,Caliban,Professor,83,2009,1
382,Production Planning and Scheduling,2014-03-12,3.6,7,Ali,Iravani,Professor,83,2009,1
383,Service Operations Management,2014-03-12,2.6,7,Ali,Iravani,Professor,83,2009,1
307,Quality Improvement by Experimental Design,2014-01-10,2.2,0,TBD,TBD,TBD,83,2009,1
326,Economics and Finance for Engineers,2015-01-05,1.1,3,Benjamin,Allen,Assistant Professor,84,2009,0
201,Introduction to Statistics,2015-01-05,1.6,1,Bruce,Banner,Associate Professor,84,2009,0
390,Systems Management,2015-01-07,4,17,Charles,Johnson,Professor,84,2009,0
381,Supply-Chain Modeling and Analysis,2014-01-07,3.2,14,Karen,Stenowitz,Associate Professor,84,2009,0
325,Engineering Entrepreneurship,2014-09-15,3.2,11,Mike,Marion,Clinical Professor,84,2009,0
315,Stochastic Models and Simulation,2015-09-20,2.2,13,Ohad,Peterson,Assistant Professor,84,2009,0
383,Service Operations Management,2014-03-12,3.9,7,Ali,Iravani,Professor,84,2009,0
210,"Methods, Standards and Work Design",,3.4,0,TBD,TBD,TBD,84,2009,0
225,Principles of Entrepreneurship,2016-01-06,3.7,0,TBD,TBD,TBD,84,2009,0
307,Quality Improvement by Experimental Design,2014-01-10,2.4,0,TBD,TBD,TBD,84,2009,0
342,Organizational Behavior,2015-03-12,2,20,William,Wallace,Professor,84,2009,0
304,Statistical Methods for Data Mining,2015-09-20,3,16,Adam,Terry,Senior Associate Dean,85,2010,1
201,Introduction to Statistics,2015-01-05,1.1,1,Bruce,Banner,Associate Professor,85,2010,1
305,Statistical Methods for Quality Improvement,2016-01-06,3.3,2,Daniel,Ahmadpour,Associate Professor,85,2010,1
381,Supply-Chain Modeling and Analysis,2014-01-07,2.4,14,Karen,Stenowitz,Associate Professor,85,2010,1
325,Engineering Entrepreneurship,2014-09-15,3.8,11,Mike,Marion,Clinical Professor,85,2010,1
315,Stochastic Models and Simulation,2015-09-20,3.3,13,Ohad,Peterson,Assistant Professor,85,2010,1
385,Introduction to Health Systems Engineering,2015-01-07,2.2,12,Neil,Mehrotra,Professor,85,2010,1
382,Production Planning and Scheduling,2014-03-12,3.6,7,Ali,Iravani,Professor,85,2010,1
383,Service Operations Management,2014-03-12,1.4,7,Ali,Iravani,Professor,85,2010,1
210,"Methods, Standards and Work Design",,3.9,0,TBD,TBD,TBD,85,2010,1
225,Principles of Entrepreneurship,2016-01-06,4,0,TBD,TBD,TBD,85,2010,1
307,Quality Improvement by Experimental Design,2014-01-10,2.8,0,TBD,TBD,TBD,85,2010,1
373,Introduction to Financial Engineering,2014-01-07,3.5,10,Vadim,Lubskey,Professor,85,2010,1
342,Organizational Behavior,2015-03-12,1.7,20,William,Wallace,Professor,85,2010,1
313,Deterministic Methods and Optimization,2015-03-16,1.4,18,Amy,Watson,Associate Professor,86,2007,1
303,Statistics,2015-09-20,3.7,1,Bruce,Banner,Associate Professor,86,2007,1
310,Operations Research,2015-03-16,3.4,21,Jane,Wilson,Clinical Associate Professor,86,2007,1
381,Supply-Chain Modeling and Analysis,2014-01-07,2.2,14,Karen,Stenowitz,Associate Professor,86,2007,1
315,Stochastic Models and Simulation,2015-09-20,1.4,13,Ohad,Peterson,Assistant Professor,86,2007,1
210,"Methods, Standards and Work Design",,2.3,0,TBD,TBD,TBD,86,2007,1
225,Principles of Entrepreneurship,2016-01-06,3.6,0,TBD,TBD,TBD,86,2007,1
373,Introduction to Financial Engineering,2014-01-07,2,10,Vadim,Lubskey,Professor,86,2007,1
313,Deterministic Methods and Optimization,2015-03-16,2.3,18,Amy,Watson,Associate Professor,87,2007,1
317,Discrete-Event Systems Simulation,2014-09-15,2.5,15,Jeremy,Sessions,Associate Professor,87,2007,1
381,Supply-Chain Modeling and Analysis,2014-01-07,1.9,14,Karen,Stenowitz,Associate Professor,87,2007,1
315,Stochastic Models and Simulation,2015-09-20,2.5,13,Ohad,Peterson,Assistant Professor,87,2007,1
210,"Methods, Standards and Work Design",,2.6,0,TBD,TBD,TBD,87,2007,1
306,Decision Analysis,2014-01-10,3.5,6,Gordon,Howie,Professor,88,2011,1
393,Industrial Engineering Design Project,2016-03-09,2.4,19,Mark,Warren,Clinical Associate Professor,88,2011,1
341,Social Networks Analysis,2015-03-12,4,4,Hassan,Caliban,Professor,88,2011,1
315,Stochastic Models and Simulation,2015-09-20,1.2,13,Ohad,Peterson,Assistant Professor,88,2011,1
382,Production Planning and Scheduling,2014-03-12,1.2,7,Ali,Iravani,Professor,88,2011,1
383,Service Operations Management,2014-03-12,3,7,Ali,Iravani,Professor,88,2011,1
373,Introduction to Financial Engineering,2014-01-07,2.2,10,Vadim,Lubskey,Professor,88,2011,1
313,Deterministic Methods and Optimization,2015-03-16,1.4,18,Amy,Watson,Associate Professor,89,2011,1
326,Economics and Finance for Engineers,2015-01-05,2.4,3,Benjamin,Allen,Assistant Professor,89,2011,1
201,Introduction to Statistics,2015-01-05,2.9,1,Bruce,Banner,Associate Professor,89,2011,1
303,Statistics,2015-09-20,3.4,1,Bruce,Banner,Associate Professor,89,2011,1
390,Systems Management,2015-01-07,2.1,17,Charles,Johnson,Professor,89,2011,1
391,Industrial Engineering Design,2016-03-09,2.2,8,Diego,Fernandez,Associate Professor,89,2011,1
202,Probability,2015-03-15,2.7,6,Gordon,Howie,Professor,89,2011,1
317,Discrete-Event Systems Simulation,2014-09-15,2.4,15,Jeremy,Sessions,Associate Professor,89,2011,1
310,Operations Research,2015-03-16,2.8,21,Jane,Wilson,Clinical Associate Professor,89,2011,1
393,Industrial Engineering Design Project,2016-03-09,3.3,19,Mark,Warren,Clinical Associate Professor,89,2011,1
341,Social Networks Analysis,2015-03-12,2.2,4,Hassan,Caliban,Professor,89,2011,1
315,Stochastic Models and Simulation,2015-09-20,3.2,13,Ohad,Peterson,Assistant Professor,89,2011,1
225,Principles of Entrepreneurship,2016-01-06,2.5,0,TBD,TBD,TBD,89,2011,1
373,Introduction to Financial Engineering,2014-01-07,2.6,10,Vadim,Lubskey,Professor,89,2011,1
342,Organizational Behavior,2015-03-12,3.9,20,William,Wallace,Professor,89,2011,1
304,Statistical Methods for Data Mining,2015-09-20,3.7,16,Adam,Terry,Senior Associate Dean,90,2007,1
313,Deterministic Methods and Optimization,2015-03-16,1.2,18,Amy,Watson,Associate Professor,90,2007,1
310,Operations Research,2015-03-16,3.2,21,Jane,Wilson,Clinical Associate Professor,90,2007,1
325,Engineering Entrepreneurship,2014-09-15,3.9,11,Mike,Marion,Clinical Professor,90,2007,1
341,Social Networks Analysis,2015-03-12,2.7,4,Hassan,Caliban,Professor,90,2007,1
385,Introduction to Health Systems Engineering,2015-01-07,2.8,12,Neil,Mehrotra,Professor,90,2007,1
383,Service Operations Management,2014-03-12,1.2,7,Ali,Iravani,Professor,90,2007,1
210,"Methods, Standards and Work Design",,3,0,TBD,TBD,TBD,90,2007,1
307,Quality Improvement by Experimental Design,2014-01-10,3,0,TBD,TBD,TBD,90,2007,1
373,Introduction to Financial Engineering,2014-01-07,3.8,10,Vadim,Lubskey,Professor,90,2007,1
304,Statistical Methods for Data Mining,2015-09-20,3.7,16,Adam,Terry,Senior Associate Dean,91,2009,1
313,Deterministic Methods and Optimization,2015-03-16,2.7,18,Amy,Watson,Associate Professor,91,2009,1
340,Field Project Methods,2015-01-05,3.2,17,Charles,Johnson,Professor,91,2009,1
390,Systems Management,2015-01-07,3.8,17,Charles,Johnson,Professor,91,2009,1
305,Statistical Methods for Quality Improvement,2016-01-06,1.3,2,Daniel,Ahmadpour,Associate Professor,91,2009,1
202,Probability,2015-03-15,3.6,6,Gordon,Howie,Professor,91,2009,1
342,Organizational Behavior,2015-03-12,3.9,20,William,Wallace,Professor,91,2009,1
305,Statistical Methods for Quality Improvement,2016-01-06,2.9,2,Daniel,Ahmadpour,Associate Professor,92,2010,1
391,Industrial Engineering Design,2016-03-09,3.4,8,Diego,Fernandez,Associate Professor,92,2010,1
202,Probability,2015-03-15,3.6,6,Gordon,Howie,Professor,92,2010,1
317,Discrete-Event Systems Simulation,2014-09-15,1.4,15,Jeremy,Sessions,Associate Professor,92,2010,1
381,Supply-Chain Modeling and Analysis,2014-01-07,3,14,Karen,Stenowitz,Associate Professor,92,2010,1
325,Engineering Entrepreneurship,2014-09-15,2.4,11,Mike,Marion,Clinical Professor,92,2010,1
225,Principles of Entrepreneurship,2016-01-06,3.1,0,TBD,TBD,TBD,92,2010,1
307,Quality Improvement by Experimental Design,2014-01-10,3.1,0,TBD,TBD,TBD,92,2010,1
313,Deterministic Methods and Optimization,2015-03-16,3.6,18,Amy,Watson,Associate Professor,93,2009,1
303,Statistics,2015-09-20,1.2,1,Bruce,Banner,Associate Professor,93,2009,1
340,Field Project Methods,2015-01-05,3.2,17,Charles,Johnson,Professor,93,2009,1
305,Statistical Methods for Quality Improvement,2016-01-06,1.2,2,Daniel,Ahmadpour,Associate Professor,93,2009,1
310,Operations Research,2015-03-16,1.8,21,Jane,Wilson,Clinical Associate Professor,93,2009,1
381,Supply-Chain Modeling and Analysis,2014-01-07,3.5,14,Karen,Stenowitz,Associate Professor,93,2009,1
393,Industrial Engineering Design Project,2016-03-09,3.5,19,Mark,Warren,Clinical Associate Professor,93,2009,1
382,Production Planning and Scheduling,2014-03-12,1.5,7,Ali,Iravani,Professor,93,2009,1
383,Service Operations Management,2014-03-12,1.7,7,Ali,Iravani,Professor,93,2009,1
225,Principles of Entrepreneurship,2016-01-06,2,0,TBD,TBD,TBD,93,2009,1
326,Economics and Finance for Engineers,2015-01-05,2.9,3,Benjamin,Allen,Assistant Professor,94,2011,1
303,Statistics,2015-09-20,2.4,1,Bruce,Banner,Associate Professor,94,2011,1
340,Field Project Methods,2015-01-05,2,17,Charles,Johnson,Professor,94,2011,1
381,Supply-Chain Modeling and Analysis,2014-01-07,3.3,14,Karen,Stenowitz,Associate Professor,94,2011,1
325,Engineering Entrepreneurship,2014-09-15,3.5,11,Mike,Marion,Clinical Professor,94,2011,1
341,Social Networks Analysis,2015-03-12,1.6,4,Hassan,Caliban,Professor,94,2011,1
382,Production Planning and Scheduling,2014-03-12,3.5,7,Ali,Iravani,Professor,94,2011,1
210,"Methods, Standards and Work Design",,3.5,0,TBD,TBD,TBD,94,2011,1
373,Introduction to Financial Engineering,2014-01-07,2,10,Vadim,Lubskey,Professor,94,2011,1
201,Introduction to Statistics,2015-01-05,1.3,1,Bruce,Banner,Associate Professor,95,2008,1
390,Systems Management,2015-01-07,3.4,17,Charles,Johnson,Professor,95,2008,1
202,Probability,2015-03-15,1,6,Gordon,Howie,Professor,95,2008,1
381,Supply-Chain Modeling and Analysis,2014-01-07,2.6,14,Karen,Stenowitz,Associate Professor,95,2008,1
393,Industrial Engineering Design Project,2016-03-09,2.6,19,Mark,Warren,Clinical Associate Professor,95,2008,1
341,Social Networks Analysis,2015-03-12,2.5,4,Hassan,Caliban,Professor,95,2008,1
313,Deterministic Methods and Optimization,2015-03-16,1.2,18,Amy,Watson,Associate Professor,96,2008,1
305,Statistical Methods for Quality Improvement,2016-01-06,2.7,2,Daniel,Ahmadpour,Associate Professor,96,2008,1
202,Probability,2015-03-15,1.6,6,Gordon,Howie,Professor,96,2008,1
310,Operations Research,2015-03-16,1.6,21,Jane,Wilson,Clinical Associate Professor,96,2008,1
381,Supply-Chain Modeling and Analysis,2014-01-07,3.4,14,Karen,Stenowitz,Associate Professor,96,2008,1
385,Introduction to Health Systems Engineering,2015-01-07,2,12,Neil,Mehrotra,Professor,96,2008,1
382,Production Planning and Scheduling,2014-03-12,3.2,7,Ali,Iravani,Professor,96,2008,1
342,Organizational Behavior,2015-03-12,3.7,20,William,Wallace,Professor,96,2008,1
326,Economics and Finance for Engineers,2015-01-05,3.7,3,Benjamin,Allen,Assistant Professor,97,2009,1
390,Systems Management,2015-01-07,3,17,Charles,Johnson,Professor,97,2009,1
305,Statistical Methods for Quality Improvement,2016-01-06,4,2,Daniel,Ahmadpour,Associate Professor,97,2009,1
202,Probability,2015-03-15,2.3,6,Gordon,Howie,Professor,97,2009,1
317,Discrete-Event Systems Simulation,2014-09-15,3.8,15,Jeremy,Sessions,Associate Professor,97,2009,1
317,Discrete-Event Systems Simulation,2014-09-15,1.3,15,Jeremy,Sessions,Associate Professor,98,2007,1
315,Stochastic Models and Simulation,2015-09-20,2.9,13,Ohad,Peterson,Assistant Professor,98,2007,1
385,Introduction to Health Systems Engineering,2015-01-07,3,12,Neil,Mehrotra,Professor,98,2007,1
383,Service Operations Management,2014-03-12,3.9,7,Ali,Iravani,Professor,98,2007,1
210,"Methods, Standards and Work Design",,1.5,0,TBD,TBD,TBD,98,2007,1
307,Quality Improvement by Experimental Design,2014-01-10,3,0,TBD,TBD,TBD,98,2007,1